officialName,institution,museumId,dynasty,sourceUrl,catalogueUrl,checkedAt,catalogueSha256,catalogueEvidence,identifier,status,photoAuthorization,identification
"鹰形陶鼎","中国国家博物馆","guobo","新石器;仰韶文化","https://www.chnmuseum.cn/zp/zpml/kgfjp/202008/t20200824_247248.shtml","https://www.chnmuseum.cn/zp/zpml/","2026-10-04T07:06:05.490Z","3c25051e713da23a4f18876c39b6df496531b737457b057d59609d3b4c15d73c","cdc076c86bc969fdc918.html","","candidate-detail-unread","unknown","独立官网详情记录；同名藏品仍需核对编号或出土地点，不同URL不等于不同实物"
"“甘丹”耸肩尖足空首布","中国国家博物馆","guobo","春秋","https://www.chnmuseum.cn/zp/zpml/202106/t20210607_250148.shtml","https://www.chnmuseum.cn/zp/zpml/","2026-10-04T07:06:05.490Z","3c25051e713da23a4f18876c39b6df496531b737457b057d59609d3b4c15d73c","cdc076c86bc969fdc918.html","","candidate-detail-unread","unknown","独立官网详情记录；同名藏品仍需核对编号或出土地点，不同URL不等于不同实物"
"桦皮奶筒","中国国家博物馆","guobo","清","https://www.chnmuseum.cn/zp/zpml/201904/t20190406_104206.shtml","https://www.chnmuseum.cn/zp/zpml/","2026-10-04T07:06:05.490Z","3c25051e713da23a4f18876c39b6df496531b737457b057d59609d3b4c15d73c","cdc076c86bc969fdc918.html","","candidate-detail-unread","unknown","独立官网详情记录；同名藏品仍需核对编号或出土地点，不同URL不等于不同实物"
"第一期公债的壹分券和拾分券","中国国家博物馆","guobo","现当代","https://www.chnmuseum.cn/zp/zpml/201812/t20181218_28815.shtml","https://www.chnmuseum.cn/zp/zpml/","2026-10-04T07:06:05.490Z","3c25051e713da23a4f18876c39b6df496531b737457b057d59609d3b4c15d73c","cdc076c86bc969fdc918.html","","candidate-detail-unread","unknown","独立官网详情记录；同名藏品仍需核对编号或出土地点，不同URL不等于不同实物"
"玉莲藕形笔架","中国国家博物馆","guobo","清","https://www.chnmuseum.cn/zp/zpml/201812/t20181218_28592.shtml","https://www.chnmuseum.cn/zp/zpml/","2026-10-04T07:06:05.490Z","3c25051e713da23a4f18876c39b6df496531b737457b057d59609d3b4c15d73c","cdc076c86bc969fdc918.html","","candidate-detail-unread","unknown","独立官网详情记录；同名藏品仍需核对编号或出土地点，不同URL不等于不同实物"
"玉兽形水注","中国国家博物馆","guobo","明","https://www.chnmuseum.cn/zp/zpml/201812/t20181218_28590.shtml","https://www.chnmuseum.cn/zp/zpml/","2026-10-04T07:06:05.490Z","3c25051e713da23a4f18876c39b6df496531b737457b057d59609d3b4c15d73c","cdc076c86bc969fdc918.html","","candidate-detail-unread","unknown","独立官网详情记录；同名藏品仍需核对编号或出土地点，不同URL不等于不同实物"
"兔形玉佩","中国国家博物馆","guobo","西周","https://www.chnmuseum.cn/zp/zpml/201812/t20181218_28415.shtml","https://www.chnmuseum.cn/zp/zpml/","2026-10-04T07:06:05.490Z","3c25051e713da23a4f18876c39b6df496531b737457b057d59609d3b4c15d73c","cdc076c86bc969fdc918.html","","candidate-detail-unread","unknown","独立官网详情记录；同名藏品仍需核对编号或出土地点，不同URL不等于不同实物"
"鱼形玉佩","中国国家博物馆","guobo","西周","https://www.chnmuseum.cn/zp/zpml/201812/t20181218_28413.shtml","https://www.chnmuseum.cn/zp/zpml/","2026-10-04T07:06:05.490Z","3c25051e713da23a4f18876c39b6df496531b737457b057d59609d3b4c15d73c","cdc076c86bc969fdc918.html","","candidate-detail-unread","unknown","独立官网详情记录；同名藏品仍需核对编号或出土地点，不同URL不等于不同实物"
"玛瑙环","中国国家博物馆","guobo","战国","https://www.chnmuseum.cn/zp/zpml/201812/t20181218_28412.shtml","https://www.chnmuseum.cn/zp/zpml/","2026-10-04T07:06:05.490Z","3c25051e713da23a4f18876c39b6df496531b737457b057d59609d3b4c15d73c","cdc076c86bc969fdc918.html","","candidate-detail-unread","unknown","独立官网详情记录；同名藏品仍需核对编号或出土地点，不同URL不等于不同实物"
"玛瑙环","中国国家博物馆","guobo","战国","https://www.chnmuseum.cn/zp/zpml/201812/t20181218_28411.shtml","https://www.chnmuseum.cn/zp/zpml/","2026-10-04T07:06:05.490Z","3c25051e713da23a4f18876c39b6df496531b737457b057d59609d3b4c15d73c","cdc076c86bc969fdc918.html","","candidate-detail-unread","unknown","独立官网详情记录；同名藏品仍需核对编号或出土地点，不同URL不等于不同实物"
"绞丝纹玉环","中国国家博物馆","guobo","战国","https://www.chnmuseum.cn/zp/zpml/201812/t20181218_28410.shtml","https://www.chnmuseum.cn/zp/zpml/","2026-10-04T07:06:05.490Z","3c25051e713da23a4f18876c39b6df496531b737457b057d59609d3b4c15d73c","cdc076c86bc969fdc918.html","","candidate-detail-unread","unknown","独立官网详情记录；同名藏品仍需核对编号或出土地点，不同URL不等于不同实物"
"人纹玉璜","中国国家博物馆","guobo","西周","https://www.chnmuseum.cn/zp/zpml/201812/t20181218_28402.shtml","https://www.chnmuseum.cn/zp/zpml/","2026-10-04T07:06:05.490Z","3c25051e713da23a4f18876c39b6df496531b737457b057d59609d3b4c15d73c","cdc076c86bc969fdc918.html","","candidate-detail-unread","unknown","独立官网详情记录；同名藏品仍需核对编号或出土地点，不同URL不等于不同实物"
"玉琮","中国国家博物馆","guobo","西周","https://www.chnmuseum.cn/zp/zpml/201812/t20181218_28397.shtml","https://www.chnmuseum.cn/zp/zpml/index_1.shtml","2026-10-04T07:16:58.185Z","e4978c3eaea729bf28d7ace5631c6f1b943cfc7b3f044f57c58ee7d6a1f87369","882b5ddd2625a6682b36.html","","candidate-detail-unread","unknown","独立官网详情记录；同名藏品仍需核对编号或出土地点，不同URL不等于不同实物"
"玉柄形器","中国国家博物馆","guobo","商后期","https://www.chnmuseum.cn/zp/zpml/201812/t20181218_28252.shtml","https://www.chnmuseum.cn/zp/zpml/index_1.shtml","2026-10-04T07:16:58.185Z","e4978c3eaea729bf28d7ace5631c6f1b943cfc7b3f044f57c58ee7d6a1f87369","882b5ddd2625a6682b36.html","","candidate-detail-unread","unknown","独立官网详情记录；同名藏品仍需核对编号或出土地点，不同URL不等于不同实物"
"四孔玉刀","中国国家博物馆","guobo","新石器","https://www.chnmuseum.cn/zp/zpml/201812/t20181218_28247.shtml","https://www.chnmuseum.cn/zp/zpml/index_1.shtml","2026-10-04T07:16:58.185Z","e4978c3eaea729bf28d7ace5631c6f1b943cfc7b3f044f57c58ee7d6a1f87369","882b5ddd2625a6682b36.html","","candidate-detail-unread","unknown","独立官网详情记录；同名藏品仍需核对编号或出土地点，不同URL不等于不同实物"
"玉锛","中国国家博物馆","guobo","新石器","https://www.chnmuseum.cn/zp/zpml/201812/t20181218_28246.shtml","https://www.chnmuseum.cn/zp/zpml/index_1.shtml","2026-10-04T07:16:58.185Z","e4978c3eaea729bf28d7ace5631c6f1b943cfc7b3f044f57c58ee7d6a1f87369","882b5ddd2625a6682b36.html","","candidate-detail-unread","unknown","独立官网详情记录；同名藏品仍需核对编号或出土地点，不同URL不等于不同实物"
"玉牙璋","中国国家博物馆","guobo","新石器","https://www.chnmuseum.cn/zp/zpml/201812/t20181218_28245.shtml","https://www.chnmuseum.cn/zp/zpml/index_1.shtml","2026-10-04T07:16:58.185Z","e4978c3eaea729bf28d7ace5631c6f1b943cfc7b3f044f57c58ee7d6a1f87369","882b5ddd2625a6682b36.html","","candidate-detail-unread","unknown","独立官网详情记录；同名藏品仍需核对编号或出土地点，不同URL不等于不同实物"
"玉钺","中国国家博物馆","guobo","新石器;龙山文化","https://www.chnmuseum.cn/zp/zpml/201812/t20181218_28241.shtml","https://www.chnmuseum.cn/zp/zpml/index_1.shtml","2026-10-04T07:16:58.185Z","e4978c3eaea729bf28d7ace5631c6f1b943cfc7b3f044f57c58ee7d6a1f87369","882b5ddd2625a6682b36.html","","candidate-detail-unread","unknown","独立官网详情记录；同名藏品仍需核对编号或出土地点，不同URL不等于不同实物"
"兽面纹玉琮","中国国家博物馆","guobo","新石器;龙山文化","https://www.chnmuseum.cn/zp/zpml/201812/t20181218_28240.shtml","https://www.chnmuseum.cn/zp/zpml/index_1.shtml","2026-10-04T07:16:58.185Z","e4978c3eaea729bf28d7ace5631c6f1b943cfc7b3f044f57c58ee7d6a1f87369","882b5ddd2625a6682b36.html","","candidate-detail-unread","unknown","独立官网详情记录；同名藏品仍需核对编号或出土地点，不同URL不等于不同实物"
"蝉形佩","中国国家博物馆","guobo","新石器","https://www.chnmuseum.cn/zp/zpml/201812/t20181218_28237.shtml","https://www.chnmuseum.cn/zp/zpml/index_1.shtml","2026-10-04T07:16:58.185Z","e4978c3eaea729bf28d7ace5631c6f1b943cfc7b3f044f57c58ee7d6a1f87369","882b5ddd2625a6682b36.html","","candidate-detail-unread","unknown","独立官网详情记录；同名藏品仍需核对编号或出土地点，不同URL不等于不同实物"
"青金石渔樵耕读山子","中国国家博物馆","guobo","清","https://www.chnmuseum.cn/zp/zpml/201812/t20181218_28236.shtml","https://www.chnmuseum.cn/zp/zpml/index_1.shtml","2026-10-04T07:16:58.185Z","e4978c3eaea729bf28d7ace5631c6f1b943cfc7b3f044f57c58ee7d6a1f87369","882b5ddd2625a6682b36.html","","candidate-detail-unread","unknown","独立官网详情记录；同名藏品仍需核对编号或出土地点，不同URL不等于不同实物"
"玉万松山房图山子","中国国家博物馆","guobo","清","https://www.chnmuseum.cn/zp/zpml/201812/t20181218_28234.shtml","https://www.chnmuseum.cn/zp/zpml/index_1.shtml","2026-10-04T07:16:58.185Z","e4978c3eaea729bf28d7ace5631c6f1b943cfc7b3f044f57c58ee7d6a1f87369","882b5ddd2625a6682b36.html","","candidate-detail-unread","unknown","独立官网详情记录；同名藏品仍需核对编号或出土地点，不同URL不等于不同实物"
"青玉兽面纹炉","中国国家博物馆","guobo","清","https://www.chnmuseum.cn/zp/zpml/201812/t20181218_28233.shtml","https://www.chnmuseum.cn/zp/zpml/index_1.shtml","2026-10-04T07:16:58.185Z","e4978c3eaea729bf28d7ace5631c6f1b943cfc7b3f044f57c58ee7d6a1f87369","882b5ddd2625a6682b36.html","","candidate-detail-unread","unknown","独立官网详情记录；同名藏品仍需核对编号或出土地点，不同URL不等于不同实物"
"青玉子母鸡水注","中国国家博物馆","guobo","清","https://www.chnmuseum.cn/zp/zpml/201812/t20181218_28232.shtml","https://www.chnmuseum.cn/zp/zpml/index_1.shtml","2026-10-04T07:16:58.185Z","e4978c3eaea729bf28d7ace5631c6f1b943cfc7b3f044f57c58ee7d6a1f87369","882b5ddd2625a6682b36.html","","candidate-detail-unread","unknown","独立官网详情记录；同名藏品仍需核对编号或出土地点，不同URL不等于不同实物"
"黄玉夔龙纹双耳扁壶","中国国家博物馆","guobo","清","https://www.chnmuseum.cn/zp/zpml/201812/t20181218_28231.shtml","https://www.chnmuseum.cn/zp/zpml/index_2.shtml","2026-10-04T07:16:58.421Z","be8be32126437e1567a807b0150767c880eb9c5e0f2c3f4278f2783df83117ab","f33b06fe3ad1bd5fef8f.html","","candidate-detail-unread","unknown","独立官网详情记录；同名藏品仍需核对编号或出土地点，不同URL不等于不同实物"
"青玉福在眼前扁瓶","中国国家博物馆","guobo","清","https://www.chnmuseum.cn/zp/zpml/201812/t20181218_28230.shtml","https://www.chnmuseum.cn/zp/zpml/index_2.shtml","2026-10-04T07:16:58.421Z","be8be32126437e1567a807b0150767c880eb9c5e0f2c3f4278f2783df83117ab","f33b06fe3ad1bd5fef8f.html","","candidate-detail-unread","unknown","独立官网详情记录；同名藏品仍需核对编号或出土地点，不同URL不等于不同实物"
"玉兽耳夔龙纹杯","中国国家博物馆","guobo","明","https://www.chnmuseum.cn/zp/zpml/201812/t20181218_28229.shtml","https://www.chnmuseum.cn/zp/zpml/index_2.shtml","2026-10-04T07:16:58.421Z","be8be32126437e1567a807b0150767c880eb9c5e0f2c3f4278f2783df83117ab","f33b06fe3ad1bd5fef8f.html","","candidate-detail-unread","unknown","独立官网详情记录；同名藏品仍需核对编号或出土地点，不同URL不等于不同实物"
"玉透雕三螭觥","中国国家博物馆","guobo","明","https://www.chnmuseum.cn/zp/zpml/201812/t20181218_28227.shtml","https://www.chnmuseum.cn/zp/zpml/index_2.shtml","2026-10-04T07:16:58.421Z","be8be32126437e1567a807b0150767c880eb9c5e0f2c3f4278f2783df83117ab","f33b06fe3ad1bd5fef8f.html","","candidate-detail-unread","unknown","独立官网详情记录；同名藏品仍需核对编号或出土地点，不同URL不等于不同实物"
"青玉勾云纹环","中国国家博物馆","guobo","战国","https://www.chnmuseum.cn/zp/zpml/201812/t20181218_28226.shtml","https://www.chnmuseum.cn/zp/zpml/index_2.shtml","2026-10-04T07:16:58.421Z","be8be32126437e1567a807b0150767c880eb9c5e0f2c3f4278f2783df83117ab","f33b06fe3ad1bd5fef8f.html","","candidate-detail-unread","unknown","独立官网详情记录；同名藏品仍需核对编号或出土地点，不同URL不等于不同实物"
"青玉柿蒂纹剑首","中国国家博物馆","guobo","战国","https://www.chnmuseum.cn/zp/zpml/201812/t20181218_28225.shtml","https://www.chnmuseum.cn/zp/zpml/index_2.shtml","2026-10-04T07:16:58.421Z","be8be32126437e1567a807b0150767c880eb9c5e0f2c3f4278f2783df83117ab","f33b06fe3ad1bd5fef8f.html","","candidate-detail-unread","unknown","独立官网详情记录；同名藏品仍需核对编号或出土地点，不同URL不等于不同实物"
"云纹玉环","中国国家博物馆","guobo","西周","https://www.chnmuseum.cn/zp/zpml/201812/t20181218_28224.shtml","https://www.chnmuseum.cn/zp/zpml/index_2.shtml","2026-10-04T07:16:58.421Z","be8be32126437e1567a807b0150767c880eb9c5e0f2c3f4278f2783df83117ab","f33b06fe3ad1bd5fef8f.html","","candidate-detail-unread","unknown","独立官网详情记录；同名藏品仍需核对编号或出土地点，不同URL不等于不同实物"
"玉梳","中国国家博物馆","guobo","商","https://www.chnmuseum.cn/zp/zpml/201812/t20181218_28222.shtml","https://www.chnmuseum.cn/zp/zpml/index_2.shtml","2026-10-04T07:16:58.421Z","be8be32126437e1567a807b0150767c880eb9c5e0f2c3f4278f2783df83117ab","f33b06fe3ad1bd5fef8f.html","","candidate-detail-unread","unknown","独立官网详情记录；同名藏品仍需核对编号或出土地点，不同URL不等于不同实物"
"玉鱼","中国国家博物馆","guobo","商","https://www.chnmuseum.cn/zp/zpml/201812/t20181218_28220.shtml","https://www.chnmuseum.cn/zp/zpml/index_2.shtml","2026-10-04T07:16:58.421Z","be8be32126437e1567a807b0150767c880eb9c5e0f2c3f4278f2783df83117ab","f33b06fe3ad1bd5fef8f.html","","candidate-detail-unread","unknown","独立官网详情记录；同名藏品仍需核对编号或出土地点，不同URL不等于不同实物"
"玉鱼形佩","中国国家博物馆","guobo","商","https://www.chnmuseum.cn/zp/zpml/201812/t20181218_28218.shtml","https://www.chnmuseum.cn/zp/zpml/index_2.shtml","2026-10-04T07:16:58.421Z","be8be32126437e1567a807b0150767c880eb9c5e0f2c3f4278f2783df83117ab","f33b06fe3ad1bd5fef8f.html","","candidate-detail-unread","unknown","独立官网详情记录；同名藏品仍需核对编号或出土地点，不同URL不等于不同实物"
"青玉鹦鹉","中国国家博物馆","guobo","商","https://www.chnmuseum.cn/zp/zpml/201812/t20181218_28217.shtml","https://www.chnmuseum.cn/zp/zpml/index_2.shtml","2026-10-04T07:16:58.421Z","be8be32126437e1567a807b0150767c880eb9c5e0f2c3f4278f2783df83117ab","f33b06fe3ad1bd5fef8f.html","","candidate-detail-unread","unknown","独立官网详情记录；同名藏品仍需核对编号或出土地点，不同URL不等于不同实物"
"青玉龙佩","中国国家博物馆","guobo","商","https://www.chnmuseum.cn/zp/zpml/201812/t20181218_28216.shtml","https://www.chnmuseum.cn/zp/zpml/index_2.shtml","2026-10-04T07:16:58.421Z","be8be32126437e1567a807b0150767c880eb9c5e0f2c3f4278f2783df83117ab","f33b06fe3ad1bd5fef8f.html","","candidate-detail-unread","unknown","独立官网详情记录；同名藏品仍需核对编号或出土地点，不同URL不等于不同实物"
"青玉镯","中国国家博物馆","guobo","新石器","https://www.chnmuseum.cn/zp/zpml/201812/t20181218_28214.shtml","https://www.chnmuseum.cn/zp/zpml/index_3.shtml","2026-10-04T07:16:58.675Z","3e6211ded711463d100de9dd76056da672bf9d7830fa5d19f48935f7deb9a7d7","f9efca5be501b977fd10.html","","candidate-detail-unread","unknown","独立官网详情记录；同名藏品仍需核对编号或出土地点，不同URL不等于不同实物"
"蒲松龄聊斋词稿册","中国国家博物馆","guobo","清","https://www.chnmuseum.cn/zp/zpml/201812/t20181218_28171.shtml","https://www.chnmuseum.cn/zp/zpml/index_3.shtml","2026-10-04T07:16:58.675Z","3e6211ded711463d100de9dd76056da672bf9d7830fa5d19f48935f7deb9a7d7","f9efca5be501b977fd10.html","","candidate-detail-unread","unknown","独立官网详情记录；同名藏品仍需核对编号或出土地点，不同URL不等于不同实物"
"乾隆仿汝窑双系鱼篓尊","中国国家博物馆","guobo","清","https://www.chnmuseum.cn/zp/zpml/201812/t20181218_28156.shtml","https://www.chnmuseum.cn/zp/zpml/index_3.shtml","2026-10-04T07:16:58.675Z","3e6211ded711463d100de9dd76056da672bf9d7830fa5d19f48935f7deb9a7d7","f9efca5be501b977fd10.html","","candidate-detail-unread","unknown","独立官网详情记录；同名藏品仍需核对编号或出土地点，不同URL不等于不同实物"
"乾隆粉彩百花纹委角花盆","中国国家博物馆","guobo","清","https://www.chnmuseum.cn/zp/zpml/201812/t20181218_28155.shtml","https://www.chnmuseum.cn/zp/zpml/index_3.shtml","2026-10-04T07:16:58.675Z","3e6211ded711463d100de9dd76056da672bf9d7830fa5d19f48935f7deb9a7d7","f9efca5be501b977fd10.html","","candidate-detail-unread","unknown","独立官网详情记录；同名藏品仍需核对编号或出土地点，不同URL不等于不同实物"
"乾隆炉钧釉灯笼尊","中国国家博物馆","guobo","清","https://www.chnmuseum.cn/zp/zpml/201812/t20181218_28154.shtml","https://www.chnmuseum.cn/zp/zpml/index_3.shtml","2026-10-04T07:16:58.675Z","3e6211ded711463d100de9dd76056da672bf9d7830fa5d19f48935f7deb9a7d7","f9efca5be501b977fd10.html","","candidate-detail-unread","unknown","独立官网详情记录；同名藏品仍需核对编号或出土地点，不同URL不等于不同实物"
"乾隆粉彩菊花纹灯笼尊","中国国家博物馆","guobo","清","https://www.chnmuseum.cn/zp/zpml/201812/t20181218_28153.shtml","https://www.chnmuseum.cn/zp/zpml/index_3.shtml","2026-10-04T07:16:58.675Z","3e6211ded711463d100de9dd76056da672bf9d7830fa5d19f48935f7deb9a7d7","f9efca5be501b977fd10.html","","candidate-detail-unread","unknown","独立官网详情记录；同名藏品仍需核对编号或出土地点，不同URL不等于不同实物"
"雍正粉彩过枝桃纹盘","中国国家博物馆","guobo","清","https://www.chnmuseum.cn/zp/zpml/201812/t20181218_28152.shtml","https://www.chnmuseum.cn/zp/zpml/index_3.shtml","2026-10-04T07:16:58.675Z","3e6211ded711463d100de9dd76056da672bf9d7830fa5d19f48935f7deb9a7d7","f9efca5be501b977fd10.html","","candidate-detail-unread","unknown","独立官网详情记录；同名藏品仍需核对编号或出土地点，不同URL不等于不同实物"
"雍正粉彩仕女戏婴纹盘","中国国家博物馆","guobo","清","https://www.chnmuseum.cn/zp/zpml/201812/t20181218_28151.shtml","https://www.chnmuseum.cn/zp/zpml/index_3.shtml","2026-10-04T07:16:58.675Z","3e6211ded711463d100de9dd76056da672bf9d7830fa5d19f48935f7deb9a7d7","f9efca5be501b977fd10.html","","candidate-detail-unread","unknown","独立官网详情记录；同名藏品仍需核对编号或出土地点，不同URL不等于不同实物"
"雍正斗彩花卉纹盘","中国国家博物馆","guobo","清","https://www.chnmuseum.cn/zp/zpml/201812/t20181218_28150.shtml","https://www.chnmuseum.cn/zp/zpml/index_3.shtml","2026-10-04T07:16:58.675Z","3e6211ded711463d100de9dd76056da672bf9d7830fa5d19f48935f7deb9a7d7","f9efca5be501b977fd10.html","","candidate-detail-unread","unknown","独立官网详情记录；同名藏品仍需核对编号或出土地点，不同URL不等于不同实物"
"雍正粉彩花蝶纹盘","中国国家博物馆","guobo","清","https://www.chnmuseum.cn/zp/zpml/201812/t20181218_28149.shtml","https://www.chnmuseum.cn/zp/zpml/index_3.shtml","2026-10-04T07:16:58.675Z","3e6211ded711463d100de9dd76056da672bf9d7830fa5d19f48935f7deb9a7d7","f9efca5be501b977fd10.html","","candidate-detail-unread","unknown","独立官网详情记录；同名藏品仍需核对编号或出土地点，不同URL不等于不同实物"
"雍正蓝地黄龙戏珠纹碗","中国国家博物馆","guobo","清","https://www.chnmuseum.cn/zp/zpml/201812/t20181218_28148.shtml","https://www.chnmuseum.cn/zp/zpml/index_3.shtml","2026-10-04T07:16:58.675Z","3e6211ded711463d100de9dd76056da672bf9d7830fa5d19f48935f7deb9a7d7","f9efca5be501b977fd10.html","","candidate-detail-unread","unknown","独立官网详情记录；同名藏品仍需核对编号或出土地点，不同URL不等于不同实物"
"雍正粉青釉瓶","中国国家博物馆","guobo","清","https://www.chnmuseum.cn/zp/zpml/201812/t20181218_28147.shtml","https://www.chnmuseum.cn/zp/zpml/index_3.shtml","2026-10-04T07:16:58.675Z","3e6211ded711463d100de9dd76056da672bf9d7830fa5d19f48935f7deb9a7d7","f9efca5be501b977fd10.html","","candidate-detail-unread","unknown","独立官网详情记录；同名藏品仍需核对编号或出土地点，不同URL不等于不同实物"
"螭食人纹佩","中国国家博物馆","guobo","战国","https://www.chnmuseum.cn/zp/zpml/201812/t20181218_28143.shtml","https://www.chnmuseum.cn/zp/zpml/index_4.shtml","2026-10-04T07:16:58.934Z","b319f92cb22b1362d6d180b42abac38d19a10d35c0d1e7d1b6d871af40f1f8c2","5c09770ac0182bdc101d.html","","candidate-detail-unread","unknown","独立官网详情记录；同名藏品仍需核对编号或出土地点，不同URL不等于不同实物"
"鱼龙形花插","中国国家博物馆","guobo","清","https://www.chnmuseum.cn/zp/zpml/201812/t20181218_28142.shtml","https://www.chnmuseum.cn/zp/zpml/index_4.shtml","2026-10-04T07:16:58.934Z","b319f92cb22b1362d6d180b42abac38d19a10d35c0d1e7d1b6d871af40f1f8c2","5c09770ac0182bdc101d.html","","candidate-detail-unread","unknown","独立官网详情记录；同名藏品仍需核对编号或出土地点，不同URL不等于不同实物"
"螭衔灵芝双耳洗","中国国家博物馆","guobo","清","https://www.chnmuseum.cn/zp/zpml/201812/t20181218_28141.shtml","https://www.chnmuseum.cn/zp/zpml/index_4.shtml","2026-10-04T07:16:58.934Z","b319f92cb22b1362d6d180b42abac38d19a10d35c0d1e7d1b6d871af40f1f8c2","5c09770ac0182bdc101d.html","","candidate-detail-unread","unknown","独立官网详情记录；同名藏品仍需核对编号或出土地点，不同URL不等于不同实物"
"飞天","中国国家博物馆","guobo","宋","https://www.chnmuseum.cn/zp/zpml/201812/t20181218_28137.shtml","https://www.chnmuseum.cn/zp/zpml/index_4.shtml","2026-10-04T07:16:58.934Z","b319f92cb22b1362d6d180b42abac38d19a10d35c0d1e7d1b6d871af40f1f8c2","5c09770ac0182bdc101d.html","","candidate-detail-unread","unknown","独立官网详情记录；同名藏品仍需核对编号或出土地点，不同URL不等于不同实物"
"云龙佩","中国国家博物馆","guobo","宋","https://www.chnmuseum.cn/zp/zpml/201812/t20181218_28136.shtml","https://www.chnmuseum.cn/zp/zpml/index_4.shtml","2026-10-04T07:16:58.934Z","b319f92cb22b1362d6d180b42abac38d19a10d35c0d1e7d1b6d871af40f1f8c2","5c09770ac0182bdc101d.html","","candidate-detail-unread","unknown","独立官网详情记录；同名藏品仍需核对编号或出土地点，不同URL不等于不同实物"
"中华民国光复纪念杯","中国国家博物馆","guobo","近代","https://www.chnmuseum.cn/zp/zpml/201812/t20181218_28118.shtml","https://www.chnmuseum.cn/zp/zpml/index_4.shtml","2026-10-04T07:16:58.934Z","b319f92cb22b1362d6d180b42abac38d19a10d35c0d1e7d1b6d871af40f1f8c2","5c09770ac0182bdc101d.html","","candidate-detail-unread","unknown","独立官网详情记录；同名藏品仍需核对编号或出土地点，不同URL不等于不同实物"
"陈鸿寿紫砂壶","中国国家博物馆","guobo","清","https://www.chnmuseum.cn/zp/zpml/201812/t20181218_28117.shtml","https://www.chnmuseum.cn/zp/zpml/index_4.shtml","2026-10-04T07:16:58.934Z","b319f92cb22b1362d6d180b42abac38d19a10d35c0d1e7d1b6d871af40f1f8c2","5c09770ac0182bdc101d.html","","candidate-detail-unread","unknown","独立官网详情记录；同名藏品仍需核对编号或出土地点，不同URL不等于不同实物"
"嘉庆粉彩番莲福寿纹渣斗","中国国家博物馆","guobo","清","https://www.chnmuseum.cn/zp/zpml/201812/t20181218_28116.shtml","https://www.chnmuseum.cn/zp/zpml/index_4.shtml","2026-10-04T07:16:58.934Z","b319f92cb22b1362d6d180b42abac38d19a10d35c0d1e7d1b6d871af40f1f8c2","5c09770ac0182bdc101d.html","","candidate-detail-unread","unknown","独立官网详情记录；同名藏品仍需核对编号或出土地点，不同URL不等于不同实物"
"雍正仿钧窑变鱼口尊","中国国家博物馆","guobo","清","https://www.chnmuseum.cn/zp/zpml/201812/t20181218_28115.shtml","https://www.chnmuseum.cn/zp/zpml/index_4.shtml","2026-10-04T07:16:58.934Z","b319f92cb22b1362d6d180b42abac38d19a10d35c0d1e7d1b6d871af40f1f8c2","5c09770ac0182bdc101d.html","","candidate-detail-unread","unknown","独立官网详情记录；同名藏品仍需核对编号或出土地点，不同URL不等于不同实物"
"白地五彩云龙纹盘","中国国家博物馆","guobo","清","https://www.chnmuseum.cn/zp/zpml/201812/t20181218_28114.shtml","https://www.chnmuseum.cn/zp/zpml/index_4.shtml","2026-10-04T07:16:58.934Z","b319f92cb22b1362d6d180b42abac38d19a10d35c0d1e7d1b6d871af40f1f8c2","5c09770ac0182bdc101d.html","","candidate-detail-unread","unknown","独立官网详情记录；同名藏品仍需核对编号或出土地点，不同URL不等于不同实物"
"康熙青花前赤壁赋碗","中国国家博物馆","guobo","清","https://www.chnmuseum.cn/zp/zpml/201812/t20181218_28113.shtml","https://www.chnmuseum.cn/zp/zpml/index_4.shtml","2026-10-04T07:16:58.934Z","b319f92cb22b1362d6d180b42abac38d19a10d35c0d1e7d1b6d871af40f1f8c2","5c09770ac0182bdc101d.html","","candidate-detail-unread","unknown","独立官网详情记录；同名藏品仍需核对编号或出土地点，不同URL不等于不同实物"
"五彩花鸟纹盘","中国国家博物馆","guobo","清","https://www.chnmuseum.cn/zp/zpml/201812/t20181218_28112.shtml","https://www.chnmuseum.cn/zp/zpml/index_4.shtml","2026-10-04T07:16:58.934Z","b319f92cb22b1362d6d180b42abac38d19a10d35c0d1e7d1b6d871af40f1f8c2","5c09770ac0182bdc101d.html","","candidate-detail-unread","unknown","独立官网详情记录；同名藏品仍需核对编号或出土地点，不同URL不等于不同实物"
"乌金釉描金山水人物纹笔筒","中国国家博物馆","guobo","清","https://www.chnmuseum.cn/zp/zpml/201812/t20181218_28111.shtml","https://www.chnmuseum.cn/zp/zpml/index_5.shtml","2026-10-04T07:16:59.140Z","8a2f418096bce5bbe3f71a82a2e2bb0f604c051752b36de5494f3c8c27715272","a67dd73ff251d6b1dc64.html","","candidate-detail-unread","unknown","独立官网详情记录；同名藏品仍需核对编号或出土地点，不同URL不等于不同实物"
"素三彩海水龙纹笔筒","中国国家博物馆","guobo","清","https://www.chnmuseum.cn/zp/zpml/201812/t20181218_28110.shtml","https://www.chnmuseum.cn/zp/zpml/index_5.shtml","2026-10-04T07:16:59.140Z","8a2f418096bce5bbe3f71a82a2e2bb0f604c051752b36de5494f3c8c27715272","a67dd73ff251d6b1dc64.html","","candidate-detail-unread","unknown","独立官网详情记录；同名藏品仍需核对编号或出土地点，不同URL不等于不同实物"
"洒蓝釉地五彩四鱼纹盖罐","中国国家博物馆","guobo","清","https://www.chnmuseum.cn/zp/zpml/201812/t20181218_28109.shtml","https://www.chnmuseum.cn/zp/zpml/index_5.shtml","2026-10-04T07:16:59.140Z","8a2f418096bce5bbe3f71a82a2e2bb0f604c051752b36de5494f3c8c27715272","a67dd73ff251d6b1dc64.html","","candidate-detail-unread","unknown","独立官网详情记录；同名藏品仍需核对编号或出土地点，不同URL不等于不同实物"
"石湾窑翠毛釉瓶","中国国家博物馆","guobo","明","https://www.chnmuseum.cn/zp/zpml/201812/t20181218_28108.shtml","https://www.chnmuseum.cn/zp/zpml/index_5.shtml","2026-10-04T07:16:59.140Z","8a2f418096bce5bbe3f71a82a2e2bb0f604c051752b36de5494f3c8c27715272","a67dd73ff251d6b1dc64.html","","candidate-detail-unread","unknown","独立官网详情记录；同名藏品仍需核对编号或出土地点，不同URL不等于不同实物"
"龙泉窑青釉盖罐","中国国家博物馆","guobo","明","https://www.chnmuseum.cn/zp/zpml/201812/t20181218_28107.shtml","https://www.chnmuseum.cn/zp/zpml/index_5.shtml","2026-10-04T07:16:59.140Z","8a2f418096bce5bbe3f71a82a2e2bb0f604c051752b36de5494f3c8c27715272","a67dd73ff251d6b1dc64.html","","candidate-detail-unread","unknown","独立官网详情记录；同名藏品仍需核对编号或出土地点，不同URL不等于不同实物"
"龙泉窑暗花花果纹双系罐","中国国家博物馆","guobo","明","https://www.chnmuseum.cn/zp/zpml/201812/t20181218_28106.shtml","https://www.chnmuseum.cn/zp/zpml/index_5.shtml","2026-10-04T07:16:59.140Z","8a2f418096bce5bbe3f71a82a2e2bb0f604c051752b36de5494f3c8c27715272","a67dd73ff251d6b1dc64.html","","candidate-detail-unread","unknown","独立官网详情记录；同名藏品仍需核对编号或出土地点，不同URL不等于不同实物"
"青花人物纹笔筒","中国国家博物馆","guobo","明","https://www.chnmuseum.cn/zp/zpml/201812/t20181218_28105.shtml","https://www.chnmuseum.cn/zp/zpml/index_5.shtml","2026-10-04T07:16:59.140Z","8a2f418096bce5bbe3f71a82a2e2bb0f604c051752b36de5494f3c8c27715272","a67dd73ff251d6b1dc64.html","","candidate-detail-unread","unknown","独立官网详情记录；同名藏品仍需核对编号或出土地点，不同URL不等于不同实物"
"嘉靖青花凤穿莲纹盘","中国国家博物馆","guobo","明","https://www.chnmuseum.cn/zp/zpml/201812/t20181218_28104.shtml","https://www.chnmuseum.cn/zp/zpml/index_5.shtml","2026-10-04T07:16:59.140Z","8a2f418096bce5bbe3f71a82a2e2bb0f604c051752b36de5494f3c8c27715272","a67dd73ff251d6b1dc64.html","","candidate-detail-unread","unknown","独立官网详情记录；同名藏品仍需核对编号或出土地点，不同URL不等于不同实物"
"正德黄釉盘","中国国家博物馆","guobo","明","https://www.chnmuseum.cn/zp/zpml/201812/t20181218_28103.shtml","https://www.chnmuseum.cn/zp/zpml/index_5.shtml","2026-10-04T07:16:59.140Z","8a2f418096bce5bbe3f71a82a2e2bb0f604c051752b36de5494f3c8c27715272","a67dd73ff251d6b1dc64.html","","candidate-detail-unread","unknown","独立官网详情记录；同名藏品仍需核对编号或出土地点，不同URL不等于不同实物"
"弘治黄釉碗","中国国家博物馆","guobo","明","https://www.chnmuseum.cn/zp/zpml/201812/t20181218_28102.shtml","https://www.chnmuseum.cn/zp/zpml/index_5.shtml","2026-10-04T07:16:59.140Z","8a2f418096bce5bbe3f71a82a2e2bb0f604c051752b36de5494f3c8c27715272","a67dd73ff251d6b1dc64.html","","candidate-detail-unread","unknown","独立官网详情记录；同名藏品仍需核对编号或出土地点，不同URL不等于不同实物"
"青花缠枝花卉纹盘","中国国家博物馆","guobo","明","https://www.chnmuseum.cn/zp/zpml/201812/t20181218_28101.shtml","https://www.chnmuseum.cn/zp/zpml/index_5.shtml","2026-10-04T07:16:59.140Z","8a2f418096bce5bbe3f71a82a2e2bb0f604c051752b36de5494f3c8c27715272","a67dd73ff251d6b1dc64.html","","candidate-detail-unread","unknown","独立官网详情记录；同名藏品仍需核对编号或出土地点，不同URL不等于不同实物"
"白釉褐彩花卉玉壶春瓶","中国国家博物馆","guobo","元","https://www.chnmuseum.cn/zp/zpml/201812/t20181218_28100.shtml","https://www.chnmuseum.cn/zp/zpml/index_5.shtml","2026-10-04T07:16:59.140Z","8a2f418096bce5bbe3f71a82a2e2bb0f604c051752b36de5494f3c8c27715272","a67dd73ff251d6b1dc64.html","","candidate-detail-unread","unknown","独立官网详情记录；同名藏品仍需核对编号或出土地点，不同URL不等于不同实物"
"褐釉剔刻花双系罐","中国国家博物馆","guobo","元","https://www.chnmuseum.cn/zp/zpml/201812/t20181218_28099.shtml","https://www.chnmuseum.cn/zp/zpml/index_6.shtml","2026-10-04T07:16:59.367Z","e9bc44da6190c3b9f4278e16c528213a5d328ee3244dbaf832c1b09997c81afc","6448f1d8c8176ccf7022.html","","candidate-detail-unread","unknown","独立官网详情记录；同名藏品仍需核对编号或出土地点，不同URL不等于不同实物"
"酱釉剔刻牡丹纹卷口瓶","中国国家博物馆","guobo","宋;西夏","https://www.chnmuseum.cn/zp/zpml/201812/t20181218_28098.shtml","https://www.chnmuseum.cn/zp/zpml/index_6.shtml","2026-10-04T07:16:59.367Z","e9bc44da6190c3b9f4278e16c528213a5d328ee3244dbaf832c1b09997c81afc","6448f1d8c8176ccf7022.html","","candidate-detail-unread","unknown","独立官网详情记录；同名藏品仍需核对编号或出土地点，不同URL不等于不同实物"
"建阳窑褐釉碗","中国国家博物馆","guobo","宋","https://www.chnmuseum.cn/zp/zpml/201812/t20181218_28097.shtml","https://www.chnmuseum.cn/zp/zpml/index_6.shtml","2026-10-04T07:16:59.367Z","e9bc44da6190c3b9f4278e16c528213a5d328ee3244dbaf832c1b09997c81afc","6448f1d8c8176ccf7022.html","","candidate-detail-unread","unknown","独立官网详情记录；同名藏品仍需核对编号或出土地点，不同URL不等于不同实物"
"吉州窑黑地白梅纹碗","中国国家博物馆","guobo","宋","https://www.chnmuseum.cn/zp/zpml/201812/t20181218_28096.shtml","https://www.chnmuseum.cn/zp/zpml/index_6.shtml","2026-10-04T07:16:59.367Z","e9bc44da6190c3b9f4278e16c528213a5d328ee3244dbaf832c1b09997c81afc","6448f1d8c8176ccf7022.html","","candidate-detail-unread","unknown","独立官网详情记录；同名藏品仍需核对编号或出土地点，不同URL不等于不同实物"
"耀州窑青釉印花水波游鱼纹碗","中国国家博物馆","guobo","宋;北宋","https://www.chnmuseum.cn/zp/zpml/201812/t20181218_28095.shtml","https://www.chnmuseum.cn/zp/zpml/index_6.shtml","2026-10-04T07:16:59.367Z","e9bc44da6190c3b9f4278e16c528213a5d328ee3244dbaf832c1b09997c81afc","6448f1d8c8176ccf7022.html","","candidate-detail-unread","unknown","独立官网详情记录；同名藏品仍需核对编号或出土地点，不同URL不等于不同实物"
"定窑刻划云龙纹花口碗","中国国家博物馆","guobo","宋;北宋","https://www.chnmuseum.cn/zp/zpml/201812/t20181218_28094.shtml","https://www.chnmuseum.cn/zp/zpml/index_6.shtml","2026-10-04T07:16:59.367Z","e9bc44da6190c3b9f4278e16c528213a5d328ee3244dbaf832c1b09997c81afc","6448f1d8c8176ccf7022.html","","candidate-detail-unread","unknown","独立官网详情记录；同名藏品仍需核对编号或出土地点，不同URL不等于不同实物"
"白釉花式带托盏","中国国家博物馆","guobo","宋;北宋","https://www.chnmuseum.cn/zp/zpml/201812/t20181218_28093.shtml","https://www.chnmuseum.cn/zp/zpml/index_6.shtml","2026-10-04T07:16:59.367Z","e9bc44da6190c3b9f4278e16c528213a5d328ee3244dbaf832c1b09997c81afc","6448f1d8c8176ccf7022.html","","candidate-detail-unread","unknown","独立官网详情记录；同名藏品仍需核对编号或出土地点，不同URL不等于不同实物"
"青釉鸡笼","中国国家博物馆","guobo","晋","https://www.chnmuseum.cn/zp/zpml/201812/t20181218_28091.shtml","https://www.chnmuseum.cn/zp/zpml/index_6.shtml","2026-10-04T07:16:59.367Z","e9bc44da6190c3b9f4278e16c528213a5d328ee3244dbaf832c1b09997c81afc","6448f1d8c8176ccf7022.html","","candidate-detail-unread","unknown","独立官网详情记录；同名藏品仍需核对编号或出土地点，不同URL不等于不同实物"
"青釉羊圈","中国国家博物馆","guobo","晋","https://www.chnmuseum.cn/zp/zpml/201812/t20181218_28090.shtml","https://www.chnmuseum.cn/zp/zpml/index_6.shtml","2026-10-04T07:16:59.367Z","e9bc44da6190c3b9f4278e16c528213a5d328ee3244dbaf832c1b09997c81afc","6448f1d8c8176ccf7022.html","","candidate-detail-unread","unknown","独立官网详情记录；同名藏品仍需核对编号或出土地点，不同URL不等于不同实物"
"北单矛","中国国家博物馆","guobo","商周时期","https://www.chnmuseum.cn/zp/zpml/201812/t20181218_28028.shtml","https://www.chnmuseum.cn/zp/zpml/index_6.shtml","2026-10-04T07:16:59.367Z","e9bc44da6190c3b9f4278e16c528213a5d328ee3244dbaf832c1b09997c81afc","6448f1d8c8176ccf7022.html","","candidate-detail-unread","unknown","独立官网详情记录；同名藏品仍需核对编号或出土地点，不同URL不等于不同实物"
"龙纽玉押","中国国家博物馆","guobo","元","https://www.chnmuseum.cn/zp/zpml/201812/t20181218_28022.shtml","https://www.chnmuseum.cn/zp/zpml/index_6.shtml","2026-10-04T07:16:59.367Z","e9bc44da6190c3b9f4278e16c528213a5d328ee3244dbaf832c1b09997c81afc","6448f1d8c8176ccf7022.html","","candidate-detail-unread","unknown","独立官网详情记录；同名藏品仍需核对编号或出土地点，不同URL不等于不同实物"
"玉镂雕梅花纹瓶","中国国家博物馆","guobo","清","https://www.chnmuseum.cn/zp/zpml/201812/t20181218_27945.shtml","https://www.chnmuseum.cn/zp/zpml/index_6.shtml","2026-10-04T07:16:59.367Z","e9bc44da6190c3b9f4278e16c528213a5d328ee3244dbaf832c1b09997c81afc","6448f1d8c8176ccf7022.html","","candidate-detail-unread","unknown","独立官网详情记录；同名藏品仍需核对编号或出土地点，不同URL不等于不同实物"
"中国早期的电话机","中国国家博物馆","guobo","清","https://www.chnmuseum.cn/zp/zpml/201812/t20181218_27861.shtml","https://www.chnmuseum.cn/zp/zpml/index_7.shtml","2026-10-04T07:16:59.575Z","0ca754f18309b59dd6a531f3c264667a9889eb2986d223010313cd76923a60de","6e34a469207a2a7958fa.html","","candidate-detail-unread","unknown","独立官网详情记录；同名藏品仍需核对编号或出土地点，不同URL不等于不同实物"
"玉双人刀柄","中国国家博物馆","guobo","宋;金","https://www.chnmuseum.cn/zp/zpml/201812/t20181218_27819.shtml","https://www.chnmuseum.cn/zp/zpml/index_7.shtml","2026-10-04T07:16:59.575Z","0ca754f18309b59dd6a531f3c264667a9889eb2986d223010313cd76923a60de","6e34a469207a2a7958fa.html","","candidate-detail-unread","unknown","独立官网详情记录；同名藏品仍需核对编号或出土地点，不同URL不等于不同实物"
"玉狮","中国国家博物馆","guobo","唐","https://www.chnmuseum.cn/zp/zpml/201812/t20181218_27818.shtml","https://www.chnmuseum.cn/zp/zpml/index_7.shtml","2026-10-04T07:16:59.575Z","0ca754f18309b59dd6a531f3c264667a9889eb2986d223010313cd76923a60de","6e34a469207a2a7958fa.html","","candidate-detail-unread","unknown","独立官网详情记录；同名藏品仍需核对编号或出土地点，不同URL不等于不同实物"
"玉莲瓣形冠","中国国家博物馆","guobo","宋","https://www.chnmuseum.cn/zp/zpml/201812/t20181218_27810.shtml","https://www.chnmuseum.cn/zp/zpml/index_7.shtml","2026-10-04T07:16:59.575Z","0ca754f18309b59dd6a531f3c264667a9889eb2986d223010313cd76923a60de","6e34a469207a2a7958fa.html","","candidate-detail-unread","unknown","独立官网详情记录；同名藏品仍需核对编号或出土地点，不同URL不等于不同实物"
"祺祥重宝当十雕母","中国国家博物馆","guobo","清","https://www.chnmuseum.cn/zp/zpml/201812/t20181218_27805.shtml","https://www.chnmuseum.cn/zp/zpml/index_7.shtml","2026-10-04T07:16:59.575Z","0ca754f18309b59dd6a531f3c264667a9889eb2986d223010313cd76923a60de","6e34a469207a2a7958fa.html","","candidate-detail-unread","unknown","独立官网详情记录；同名藏品仍需核对编号或出土地点，不同URL不等于不同实物"
"咸丰重宝当五十雕母","中国国家博物馆","guobo","清","https://www.chnmuseum.cn/zp/zpml/201812/t20181218_27804.shtml","https://www.chnmuseum.cn/zp/zpml/index_7.shtml","2026-10-04T07:16:59.575Z","0ca754f18309b59dd6a531f3c264667a9889eb2986d223010313cd76923a60de","6e34a469207a2a7958fa.html","","candidate-detail-unread","unknown","独立官网详情记录；同名藏品仍需核对编号或出土地点，不同URL不等于不同实物"
"大元通宝","中国国家博物馆","guobo","元","https://www.chnmuseum.cn/zp/zpml/201812/t20181218_27802.shtml","https://www.chnmuseum.cn/zp/zpml/index_7.shtml","2026-10-04T07:16:59.575Z","0ca754f18309b59dd6a531f3c264667a9889eb2986d223010313cd76923a60de","6e34a469207a2a7958fa.html","","candidate-detail-unread","unknown","独立官网详情记录；同名藏品仍需核对编号或出土地点，不同URL不等于不同实物"
"泰和重宝","中国国家博物馆","guobo","宋;金","https://www.chnmuseum.cn/zp/zpml/201812/t20181218_27801.shtml","https://www.chnmuseum.cn/zp/zpml/index_7.shtml","2026-10-04T07:16:59.575Z","0ca754f18309b59dd6a531f3c264667a9889eb2986d223010313cd76923a60de","6e34a469207a2a7958fa.html","","candidate-detail-unread","unknown","独立官网详情记录；同名藏品仍需核对编号或出土地点，不同URL不等于不同实物"
"大德通宝折三铜钱","中国国家博物馆","guobo","宋;西夏","https://www.chnmuseum.cn/zp/zpml/201812/t20181218_27800.shtml","https://www.chnmuseum.cn/zp/zpml/index_7.shtml","2026-10-04T07:16:59.575Z","0ca754f18309b59dd6a531f3c264667a9889eb2986d223010313cd76923a60de","6e34a469207a2a7958fa.html","","candidate-detail-unread","unknown","独立官网详情记录；同名藏品仍需核对编号或出土地点，不同URL不等于不同实物"
"临安府行用牌","中国国家博物馆","guobo","宋;南宋","https://www.chnmuseum.cn/zp/zpml/201812/t20181218_27797.shtml","https://www.chnmuseum.cn/zp/zpml/index_7.shtml","2026-10-04T07:16:59.575Z","0ca754f18309b59dd6a531f3c264667a9889eb2986d223010313cd76923a60de","6e34a469207a2a7958fa.html","","candidate-detail-unread","unknown","独立官网详情记录；同名藏品仍需核对编号或出土地点，不同URL不等于不同实物"
"大观通宝","中国国家博物馆","guobo","宋;北宋","https://www.chnmuseum.cn/zp/zpml/201812/t20181218_27794.shtml","https://www.chnmuseum.cn/zp/zpml/index_7.shtml","2026-10-04T07:16:59.575Z","0ca754f18309b59dd6a531f3c264667a9889eb2986d223010313cd76923a60de","6e34a469207a2a7958fa.html","","candidate-detail-unread","unknown","独立官网详情记录；同名藏品仍需核对编号或出土地点，不同URL不等于不同实物"
"开元通宝","中国国家博物馆","guobo","唐","https://www.chnmuseum.cn/zp/zpml/201812/t20181218_27789.shtml","https://www.chnmuseum.cn/zp/zpml/index_7.shtml","2026-10-04T07:16:59.575Z","0ca754f18309b59dd6a531f3c264667a9889eb2986d223010313cd76923a60de","6e34a469207a2a7958fa.html","","candidate-detail-unread","unknown","独立官网详情记录；同名藏品仍需核对编号或出土地点，不同URL不等于不同实物"
"永通万国","中国国家博物馆","guobo","南北朝;北朝","https://www.chnmuseum.cn/zp/zpml/201812/t20181218_27788.shtml","https://www.chnmuseum.cn/zp/zpml/index_8.shtml","2026-10-04T07:16:59.802Z","798b96090af1cb567e7053bd4f7e32374b754cca34d4bcf4e6a231c7646296bb","fe6867c3c68e9f162e58.html","","candidate-detail-unread","unknown","独立官网详情记录；同名藏品仍需核对编号或出土地点，不同URL不等于不同实物"
"“天兴七年”金币","中国国家博物馆","guobo","南北朝;北朝;北魏","https://www.chnmuseum.cn/zp/zpml/201812/t20181218_27769.shtml","https://www.chnmuseum.cn/zp/zpml/index_8.shtml","2026-10-04T07:16:59.802Z","798b96090af1cb567e7053bd4f7e32374b754cca34d4bcf4e6a231c7646296bb","fe6867c3c68e9f162e58.html","","candidate-detail-unread","unknown","独立官网详情记录；同名藏品仍需核对编号或出土地点，不同URL不等于不同实物"
"五铢","中国国家博物馆","guobo","汉;西汉","https://www.chnmuseum.cn/zp/zpml/201812/t20181218_27763.shtml","https://www.chnmuseum.cn/zp/zpml/index_8.shtml","2026-10-04T07:16:59.802Z","798b96090af1cb567e7053bd4f7e32374b754cca34d4bcf4e6a231c7646296bb","fe6867c3c68e9f162e58.html","","candidate-detail-unread","unknown","独立官网详情记录；同名藏品仍需核对编号或出土地点，不同URL不等于不同实物"
"五彩瑞兽纹葵瓣式觚","中国国家博物馆","guobo","","https://www.chnmuseum.cn/zp/zpml/201812/t20181218_27745.shtml","https://www.chnmuseum.cn/zp/zpml/index_8.shtml","2026-10-04T07:16:59.802Z","798b96090af1cb567e7053bd4f7e32374b754cca34d4bcf4e6a231c7646296bb","fe6867c3c68e9f162e58.html","","candidate-detail-unread","unknown","独立官网详情记录；同名藏品仍需核对编号或出土地点，不同URL不等于不同实物"
"景德镇窑青花双凤纹玉壶春瓶","中国国家博物馆","guobo","元","https://www.chnmuseum.cn/zp/zpml/201812/t20181218_27722.shtml","https://www.chnmuseum.cn/zp/zpml/index_8.shtml","2026-10-04T07:16:59.802Z","798b96090af1cb567e7053bd4f7e32374b754cca34d4bcf4e6a231c7646296bb","fe6867c3c68e9f162e58.html","","candidate-detail-unread","unknown","独立官网详情记录；同名藏品仍需核对编号或出土地点，不同URL不等于不同实物"
"官窑套盒","中国国家博物馆","guobo","宋;南宋","https://www.chnmuseum.cn/zp/zpml/201812/t20181218_27712.shtml","https://www.chnmuseum.cn/zp/zpml/index_8.shtml","2026-10-04T07:16:59.802Z","798b96090af1cb567e7053bd4f7e32374b754cca34d4bcf4e6a231c7646296bb","fe6867c3c68e9f162e58.html","","candidate-detail-unread","unknown","独立官网详情记录；同名藏品仍需核对编号或出土地点，不同URL不等于不同实物"
"潮州窑青白釉释迦牟尼像","中国国家博物馆","guobo","宋;北宋","https://www.chnmuseum.cn/zp/zpml/201812/t20181218_27565.shtml","https://www.chnmuseum.cn/zp/zpml/index_8.shtml","2026-10-04T07:16:59.802Z","798b96090af1cb567e7053bd4f7e32374b754cca34d4bcf4e6a231c7646296bb","fe6867c3c68e9f162e58.html","","candidate-detail-unread","unknown","独立官网详情记录；同名藏品仍需核对编号或出土地点，不同URL不等于不同实物"
"定窑白釉莲纹大碗","中国国家博物馆","guobo","宋;北宋","https://www.chnmuseum.cn/zp/zpml/201812/t20181218_27506.shtml","https://www.chnmuseum.cn/zp/zpml/index_8.shtml","2026-10-04T07:16:59.802Z","798b96090af1cb567e7053bd4f7e32374b754cca34d4bcf4e6a231c7646296bb","fe6867c3c68e9f162e58.html","","candidate-detail-unread","unknown","独立官网详情记录；同名藏品仍需核对编号或出土地点，不同URL不等于不同实物"
"彩绘木雕观音菩萨头像","中国国家博物馆","guobo","宋","https://www.chnmuseum.cn/zp/zpml/201812/t20181218_27031.shtml","https://www.chnmuseum.cn/zp/zpml/index_8.shtml","2026-10-04T07:16:59.802Z","798b96090af1cb567e7053bd4f7e32374b754cca34d4bcf4e6a231c7646296bb","fe6867c3c68e9f162e58.html","","candidate-detail-unread","unknown","独立官网详情记录；同名藏品仍需核对编号或出土地点，不同URL不等于不同实物"
"九龙壁","中国国家博物馆","guobo","现当代","https://www.chnmuseum.cn/zp/zpml/201812/t20181218_26937.shtml","https://www.chnmuseum.cn/zp/zpml/index_8.shtml","2026-10-04T07:16:59.802Z","798b96090af1cb567e7053bd4f7e32374b754cca34d4bcf4e6a231c7646296bb","fe6867c3c68e9f162e58.html","","candidate-detail-unread","unknown","独立官网详情记录；同名藏品仍需核对编号或出土地点，不同URL不等于不同实物"
"光绪粉彩八宝红龙纹烛台","中国国家博物馆","guobo","","https://www.chnmuseum.cn/zp/zpml/201812/t20181218_26935.shtml","https://www.chnmuseum.cn/zp/zpml/index_8.shtml","2026-10-04T07:16:59.802Z","798b96090af1cb567e7053bd4f7e32374b754cca34d4bcf4e6a231c7646296bb","fe6867c3c68e9f162e58.html","","candidate-detail-unread","unknown","独立官网详情记录；同名藏品仍需核对编号或出土地点，不同URL不等于不同实物"
"龙凤呈祥年画","中国国家博物馆","guobo","","https://www.chnmuseum.cn/zp/zpml/201812/t20181218_26930.shtml","https://www.chnmuseum.cn/zp/zpml/index_8.shtml","2026-10-04T07:16:59.802Z","798b96090af1cb567e7053bd4f7e32374b754cca34d4bcf4e6a231c7646296bb","fe6867c3c68e9f162e58.html","","candidate-detail-unread","unknown","独立官网详情记录；同名藏品仍需核对编号或出土地点，不同URL不等于不同实物"
"大清银行兑换券","中国国家博物馆","guobo","","https://www.chnmuseum.cn/zp/zpml/201812/t20181218_26923.shtml","https://www.chnmuseum.cn/zp/zpml/index_9.shtml","2026-10-04T07:17:00.006Z","c3e41b883623df3b8275f1b7af57dad29ea40df334ffcec209356b2e14d6f23a","1c7458be4273ba47efaa.html","","candidate-detail-unread","unknown","独立官网详情记录；同名藏品仍需核对编号或出土地点，不同URL不等于不同实物"
"乾隆红漆描金云龙纹排箫","中国国家博物馆","guobo","","https://www.chnmuseum.cn/zp/zpml/201812/t20181218_26920.shtml","https://www.chnmuseum.cn/zp/zpml/index_9.shtml","2026-10-04T07:17:00.006Z","c3e41b883623df3b8275f1b7af57dad29ea40df334ffcec209356b2e14d6f23a","1c7458be4273ba47efaa.html","","candidate-detail-unread","unknown","独立官网详情记录；同名藏品仍需核对编号或出土地点，不同URL不等于不同实物"
"龙纹玉磬","中国国家博物馆","guobo","","https://www.chnmuseum.cn/zp/zpml/201812/t20181218_26919.shtml","https://www.chnmuseum.cn/zp/zpml/index_9.shtml","2026-10-04T07:17:00.006Z","c3e41b883623df3b8275f1b7af57dad29ea40df334ffcec209356b2e14d6f23a","1c7458be4273ba47efaa.html","","candidate-detail-unread","unknown","独立官网详情记录；同名藏品仍需核对编号或出土地点，不同URL不等于不同实物"
"陈淮“天书焕彩”五色墨","中国国家博物馆","guobo","","https://www.chnmuseum.cn/zp/zpml/201812/t20181218_26918.shtml","https://www.chnmuseum.cn/zp/zpml/index_9.shtml","2026-10-04T07:17:00.006Z","c3e41b883623df3b8275f1b7af57dad29ea40df334ffcec209356b2e14d6f23a","1c7458be4273ba47efaa.html","","candidate-detail-unread","unknown","独立官网详情记录；同名藏品仍需核对编号或出土地点，不同URL不等于不同实物"
"龙纹斗方纸","中国国家博物馆","guobo","","https://www.chnmuseum.cn/zp/zpml/201812/t20181218_26917.shtml","https://www.chnmuseum.cn/zp/zpml/index_9.shtml","2026-10-04T07:17:00.006Z","c3e41b883623df3b8275f1b7af57dad29ea40df334ffcec209356b2e14d6f23a","1c7458be4273ba47efaa.html","","candidate-detail-unread","unknown","独立官网详情记录；同名藏品仍需核对编号或出土地点，不同URL不等于不同实物"
"储秀宫龙戏珠纹瓷盘","中国国家博物馆","guobo","","https://www.chnmuseum.cn/zp/zpml/201812/t20181218_26914.shtml","https://www.chnmuseum.cn/zp/zpml/index_9.shtml","2026-10-04T07:17:00.006Z","c3e41b883623df3b8275f1b7af57dad29ea40df334ffcec209356b2e14d6f23a","1c7458be4273ba47efaa.html","","candidate-detail-unread","unknown","独立官网详情记录；同名藏品仍需核对编号或出土地点，不同URL不等于不同实物"
"皇太极调兵信牌","中国国家博物馆","guobo","","https://www.chnmuseum.cn/zp/zpml/201812/t20181218_26911.shtml","https://www.chnmuseum.cn/zp/zpml/index_9.shtml","2026-10-04T07:17:00.006Z","c3e41b883623df3b8275f1b7af57dad29ea40df334ffcec209356b2e14d6f23a","1c7458be4273ba47efaa.html","","candidate-detail-unread","unknown","独立官网详情记录；同名藏品仍需核对编号或出土地点，不同URL不等于不同实物"
"万历描金龙纹毛笔","中国国家博物馆","guobo","","https://www.chnmuseum.cn/zp/zpml/201812/t20181218_26909.shtml","https://www.chnmuseum.cn/zp/zpml/index_9.shtml","2026-10-04T07:17:00.006Z","c3e41b883623df3b8275f1b7af57dad29ea40df334ffcec209356b2e14d6f23a","1c7458be4273ba47efaa.html","","candidate-detail-unread","unknown","独立官网详情记录；同名藏品仍需核对编号或出土地点，不同URL不等于不同实物"
"赵匡胤像轴","中国国家博物馆","guobo","宋","https://www.chnmuseum.cn/zp/zpml/201812/t20181218_26908.shtml","https://www.chnmuseum.cn/zp/zpml/index_9.shtml","2026-10-04T07:17:00.006Z","c3e41b883623df3b8275f1b7af57dad29ea40df334ffcec209356b2e14d6f23a","1c7458be4273ba47efaa.html","","candidate-detail-unread","unknown","独立官网详情记录；同名藏品仍需核对编号或出土地点，不同URL不等于不同实物"
"雕龙石碑首","中国国家博物馆","guobo","","https://www.chnmuseum.cn/zp/zpml/201812/t20181218_26906.shtml","https://www.chnmuseum.cn/zp/zpml/index_9.shtml","2026-10-04T07:17:00.006Z","c3e41b883623df3b8275f1b7af57dad29ea40df334ffcec209356b2e14d6f23a","1c7458be4273ba47efaa.html","","candidate-detail-unread","unknown","独立官网详情记录；同名藏品仍需核对编号或出土地点，不同URL不等于不同实物"
"乾隆青花加紫云龙纹瓶","中国国家博物馆","guobo","","https://www.chnmuseum.cn/zp/zpml/201812/t20181218_26904.shtml","https://www.chnmuseum.cn/zp/zpml/index_9.shtml","2026-10-04T07:17:00.006Z","c3e41b883623df3b8275f1b7af57dad29ea40df334ffcec209356b2e14d6f23a","1c7458be4273ba47efaa.html","","candidate-detail-unread","unknown","独立官网详情记录；同名藏品仍需核对编号或出土地点，不同URL不等于不同实物"
"雍正青花五龙盘","中国国家博物馆","guobo","","https://www.chnmuseum.cn/zp/zpml/201812/t20181218_26903.shtml","https://www.chnmuseum.cn/zp/zpml/index_9.shtml","2026-10-04T07:17:00.006Z","c3e41b883623df3b8275f1b7af57dad29ea40df334ffcec209356b2e14d6f23a","1c7458be4273ba47efaa.html","","candidate-detail-unread","unknown","独立官网详情记录；同名藏品仍需核对编号或出土地点，不同URL不等于不同实物"
"三龙十六连弧铜镜","中国国家博物馆","guobo","","https://www.chnmuseum.cn/zp/zpml/201812/t20181218_26901.shtml","https://www.chnmuseum.cn/zp/zpml/index_10.shtml","2026-10-04T07:17:00.257Z","dd12b2c21a9c0abaf5b28b8ef046e5386af5cd39bcc2925585d4b54482dc3df6","121b17c4438b3b26f456.html","","candidate-detail-unread","unknown","独立官网详情记录；同名藏品仍需核对编号或出土地点，不同URL不等于不同实物"
"李朝青花龙纹罐","中国国家博物馆","guobo","","https://www.chnmuseum.cn/zp/zpml/201812/t20181218_26900.shtml","https://www.chnmuseum.cn/zp/zpml/index_10.shtml","2026-10-04T07:17:00.257Z","dd12b2c21a9c0abaf5b28b8ef046e5386af5cd39bcc2925585d4b54482dc3df6","121b17c4438b3b26f456.html","","candidate-detail-unread","unknown","独立官网详情记录；同名藏品仍需核对编号或出土地点，不同URL不等于不同实物"
"乾隆青花赶珠龙纹瓷碗","中国国家博物馆","guobo","","https://www.chnmuseum.cn/zp/zpml/201812/t20181218_26899.shtml","https://www.chnmuseum.cn/zp/zpml/index_10.shtml","2026-10-04T07:17:00.257Z","dd12b2c21a9c0abaf5b28b8ef046e5386af5cd39bcc2925585d4b54482dc3df6","121b17c4438b3b26f456.html","","candidate-detail-unread","unknown","独立官网详情记录；同名藏品仍需核对编号或出土地点，不同URL不等于不同实物"
"乾隆白地绿龙八宝盖罐","中国国家博物馆","guobo","","https://www.chnmuseum.cn/zp/zpml/201812/t20181218_26898.shtml","https://www.chnmuseum.cn/zp/zpml/index_10.shtml","2026-10-04T07:17:00.257Z","dd12b2c21a9c0abaf5b28b8ef046e5386af5cd39bcc2925585d4b54482dc3df6","121b17c4438b3b26f456.html","","candidate-detail-unread","unknown","独立官网详情记录；同名藏品仍需核对编号或出土地点，不同URL不等于不同实物"
"斗彩云龙纹椭圆形缸","中国国家博物馆","guobo","清","https://www.chnmuseum.cn/zp/zpml/201812/t20181218_26897.shtml","https://www.chnmuseum.cn/zp/zpml/index_10.shtml","2026-10-04T07:17:00.257Z","dd12b2c21a9c0abaf5b28b8ef046e5386af5cd39bcc2925585d4b54482dc3df6","121b17c4438b3b26f456.html","","candidate-detail-unread","unknown","独立官网详情记录；同名藏品仍需核对编号或出土地点，不同URL不等于不同实物"
"五彩釉里红海水云龙纹缸","中国国家博物馆","guobo","清","https://www.chnmuseum.cn/zp/zpml/201812/t20181218_26896.shtml","https://www.chnmuseum.cn/zp/zpml/index_10.shtml","2026-10-04T07:17:00.257Z","dd12b2c21a9c0abaf5b28b8ef046e5386af5cd39bcc2925585d4b54482dc3df6","121b17c4438b3b26f456.html","","candidate-detail-unread","unknown","独立官网详情记录；同名藏品仍需核对编号或出土地点，不同URL不等于不同实物"
"康熙五彩龙凤纹碗","中国国家博物馆","guobo","","https://www.chnmuseum.cn/zp/zpml/201812/t20181218_26895.shtml","https://www.chnmuseum.cn/zp/zpml/index_10.shtml","2026-10-04T07:17:00.257Z","dd12b2c21a9c0abaf5b28b8ef046e5386af5cd39bcc2925585d4b54482dc3df6","121b17c4438b3b26f456.html","","candidate-detail-unread","unknown","独立官网详情记录；同名藏品仍需核对编号或出土地点，不同URL不等于不同实物"
"康熙釉里红龙纹瓷洗","中国国家博物馆","guobo","","https://www.chnmuseum.cn/zp/zpml/201812/t20181218_26894.shtml","https://www.chnmuseum.cn/zp/zpml/index_10.shtml","2026-10-04T07:17:00.257Z","dd12b2c21a9c0abaf5b28b8ef046e5386af5cd39bcc2925585d4b54482dc3df6","121b17c4438b3b26f456.html","","candidate-detail-unread","unknown","独立官网详情记录；同名藏品仍需核对编号或出土地点，不同URL不等于不同实物"
"康熙釉里红团龙茶碗","中国国家博物馆","guobo","","https://www.chnmuseum.cn/zp/zpml/201812/t20181218_26893.shtml","https://www.chnmuseum.cn/zp/zpml/index_10.shtml","2026-10-04T07:17:00.257Z","dd12b2c21a9c0abaf5b28b8ef046e5386af5cd39bcc2925585d4b54482dc3df6","121b17c4438b3b26f456.html","","candidate-detail-unread","unknown","独立官网详情记录；同名藏品仍需核对编号或出土地点，不同URL不等于不同实物"
"青玉龙纹带扣","中国国家博物馆","guobo","清","https://www.chnmuseum.cn/zp/zpml/201812/t20181218_26891.shtml","https://www.chnmuseum.cn/zp/zpml/index_10.shtml","2026-10-04T07:17:00.257Z","dd12b2c21a9c0abaf5b28b8ef046e5386af5cd39bcc2925585d4b54482dc3df6","121b17c4438b3b26f456.html","","candidate-detail-unread","unknown","独立官网详情记录；同名藏品仍需核对编号或出土地点，不同URL不等于不同实物"
"掐丝珐琅龙耳罍","中国国家博物馆","guobo","","https://www.chnmuseum.cn/zp/zpml/201812/t20181218_26889.shtml","https://www.chnmuseum.cn/zp/zpml/index_10.shtml","2026-10-04T07:17:00.257Z","dd12b2c21a9c0abaf5b28b8ef046e5386af5cd39bcc2925585d4b54482dc3df6","121b17c4438b3b26f456.html","","candidate-detail-unread","unknown","独立官网详情记录；同名藏品仍需核对编号或出土地点，不同URL不等于不同实物"
"雕填云龙纹鼓式漆盒","中国国家博物馆","guobo","","https://www.chnmuseum.cn/zp/zpml/201812/t20181218_26887.shtml","https://www.chnmuseum.cn/zp/zpml/index_10.shtml","2026-10-04T07:17:00.257Z","dd12b2c21a9c0abaf5b28b8ef046e5386af5cd39bcc2925585d4b54482dc3df6","121b17c4438b3b26f456.html","","candidate-detail-unread","unknown","独立官网详情记录；同名藏品仍需核对编号或出土地点，不同URL不等于不同实物"
"乾隆五彩龙凤纹碗","中国国家博物馆","guobo","","https://www.chnmuseum.cn/zp/zpml/201812/t20181218_26886.shtml","https://www.chnmuseum.cn/zp/zpml/index_11.shtml","2026-10-04T07:17:00.496Z","09e2df15f1fbb2201901192659fe35c11e39b884abbf05263017a856f39f7c4b","8bd7e161ed78bbe266e0.html","","candidate-detail-unread","unknown","独立官网详情记录；同名藏品仍需核对编号或出土地点，不同URL不等于不同实物"
"铜□鏄","中国国家博物馆","guobo","","https://www.chnmuseum.cn/zp/zpml/201812/t20181218_26874.shtml","https://www.chnmuseum.cn/zp/zpml/index_11.shtml","2026-10-04T07:17:00.496Z","09e2df15f1fbb2201901192659fe35c11e39b884abbf05263017a856f39f7c4b","8bd7e161ed78bbe266e0.html","","candidate-detail-unread","unknown","独立官网详情记录；同名藏品仍需核对编号或出土地点，不同URL不等于不同实物"
"陶纺轮","中国国家博物馆","guobo","新石器","https://www.chnmuseum.cn/zp/zpml/201812/t20181218_26855.shtml","https://www.chnmuseum.cn/zp/zpml/index_11.shtml","2026-10-04T07:17:00.496Z","09e2df15f1fbb2201901192659fe35c11e39b884abbf05263017a856f39f7c4b","8bd7e161ed78bbe266e0.html","","candidate-detail-unread","unknown","独立官网详情记录；同名藏品仍需核对编号或出土地点，不同URL不等于不同实物"
"五彩人物棒捶瓶","中国国家博物馆","guobo","","https://www.chnmuseum.cn/zp/zpml/201812/t20181218_26853.shtml","https://www.chnmuseum.cn/zp/zpml/index_11.shtml","2026-10-04T07:17:00.496Z","09e2df15f1fbb2201901192659fe35c11e39b884abbf05263017a856f39f7c4b","8bd7e161ed78bbe266e0.html","","candidate-detail-unread","unknown","独立官网详情记录；同名藏品仍需核对编号或出土地点，不同URL不等于不同实物"
"乾隆青花花朵六方瓶","中国国家博物馆","guobo","","https://www.chnmuseum.cn/zp/zpml/201812/t20181218_26852.shtml","https://www.chnmuseum.cn/zp/zpml/index_11.shtml","2026-10-04T07:17:00.496Z","09e2df15f1fbb2201901192659fe35c11e39b884abbf05263017a856f39f7c4b","8bd7e161ed78bbe266e0.html","","candidate-detail-unread","unknown","独立官网详情记录；同名藏品仍需核对编号或出土地点，不同URL不等于不同实物"
"乾隆釉里红福寿纹葫芦瓶","中国国家博物馆","guobo","","https://www.chnmuseum.cn/zp/zpml/201812/t20181218_26851.shtml","https://www.chnmuseum.cn/zp/zpml/index_11.shtml","2026-10-04T07:17:00.496Z","09e2df15f1fbb2201901192659fe35c11e39b884abbf05263017a856f39f7c4b","8bd7e161ed78bbe266e0.html","","candidate-detail-unread","unknown","独立官网详情记录；同名藏品仍需核对编号或出土地点，不同URL不等于不同实物"
"乾隆粉彩百鹿尊","中国国家博物馆","guobo","","https://www.chnmuseum.cn/zp/zpml/201812/t20181218_26850.shtml","https://www.chnmuseum.cn/zp/zpml/index_11.shtml","2026-10-04T07:17:00.496Z","09e2df15f1fbb2201901192659fe35c11e39b884abbf05263017a856f39f7c4b","8bd7e161ed78bbe266e0.html","","candidate-detail-unread","unknown","独立官网详情记录；同名藏品仍需核对编号或出土地点，不同URL不等于不同实物"
"龙泉窑凸花牡丹梅瓶","中国国家博物馆","guobo","","https://www.chnmuseum.cn/zp/zpml/201812/t20181218_26849.shtml","https://www.chnmuseum.cn/zp/zpml/index_11.shtml","2026-10-04T07:17:00.496Z","09e2df15f1fbb2201901192659fe35c11e39b884abbf05263017a856f39f7c4b","8bd7e161ed78bbe266e0.html","","candidate-detail-unread","unknown","独立官网详情记录；同名藏品仍需核对编号或出土地点，不同URL不等于不同实物"
"龙泉窑粉青釉划莲花撇口碗","中国国家博物馆","guobo","","https://www.chnmuseum.cn/zp/zpml/201812/t20181218_26848.shtml","https://www.chnmuseum.cn/zp/zpml/index_11.shtml","2026-10-04T07:17:00.496Z","09e2df15f1fbb2201901192659fe35c11e39b884abbf05263017a856f39f7c4b","8bd7e161ed78bbe266e0.html","","candidate-detail-unread","unknown","独立官网详情记录；同名藏品仍需核对编号或出土地点，不同URL不等于不同实物"
"耀州窑印菊花碗模","中国国家博物馆","guobo","","https://www.chnmuseum.cn/zp/zpml/201812/t20181218_26844.shtml","https://www.chnmuseum.cn/zp/zpml/index_11.shtml","2026-10-04T07:17:00.496Z","09e2df15f1fbb2201901192659fe35c11e39b884abbf05263017a856f39f7c4b","8bd7e161ed78bbe266e0.html","","candidate-detail-unread","unknown","独立官网详情记录；同名藏品仍需核对编号或出土地点，不同URL不等于不同实物"
"钧窑带匣钵天青釉玫瑰紫斑碗","中国国家博物馆","guobo","元","https://www.chnmuseum.cn/zp/zpml/201812/t20181218_26843.shtml","https://www.chnmuseum.cn/zp/zpml/index_11.shtml","2026-10-04T07:17:00.496Z","09e2df15f1fbb2201901192659fe35c11e39b884abbf05263017a856f39f7c4b","8bd7e161ed78bbe266e0.html","","candidate-detail-unread","unknown","独立官网详情记录；同名藏品仍需核对编号或出土地点，不同URL不等于不同实物"
"年画《新春大吉》","中国国家博物馆","guobo","","https://www.chnmuseum.cn/zp/zpml/201812/t20181218_26830.shtml","https://www.chnmuseum.cn/zp/zpml/index_11.shtml","2026-10-04T07:17:00.496Z","09e2df15f1fbb2201901192659fe35c11e39b884abbf05263017a856f39f7c4b","8bd7e161ed78bbe266e0.html","","candidate-detail-unread","unknown","独立官网详情记录；同名藏品仍需核对编号或出土地点，不同URL不等于不同实物"
"《萝轩变古笺谱》","中国国家博物馆","guobo","","https://www.chnmuseum.cn/zp/zpml/201812/t20181218_26827.shtml","https://www.chnmuseum.cn/zp/zpml/index_12.shtml","2026-10-04T07:17:00.713Z","97b064e3c668c83ccd2cfee63774565910ce0a316ca3ddf4990005fdda94e601","a008b867a38e81f9b99e.html","","candidate-detail-unread","unknown","独立官网详情记录；同名藏品仍需核对编号或出土地点，不同URL不等于不同实物"
"大明通行宝钞及印钞铜版","中国国家博物馆","guobo","","https://www.chnmuseum.cn/zp/zpml/201812/t20181218_26826.shtml","https://www.chnmuseum.cn/zp/zpml/index_12.shtml","2026-10-04T07:17:00.713Z","97b064e3c668c83ccd2cfee63774565910ce0a316ca3ddf4990005fdda94e601","a008b867a38e81f9b99e.html","","candidate-detail-unread","unknown","独立官网详情记录；同名藏品仍需核对编号或出土地点，不同URL不等于不同实物"
"《周易会通》","中国国家博物馆","guobo","","https://www.chnmuseum.cn/zp/zpml/201812/t20181218_26825.shtml","https://www.chnmuseum.cn/zp/zpml/index_12.shtml","2026-10-04T07:17:00.713Z","97b064e3c668c83ccd2cfee63774565910ce0a316ca3ddf4990005fdda94e601","a008b867a38e81f9b99e.html","","candidate-detail-unread","unknown","独立官网详情记录；同名藏品仍需核对编号或出土地点，不同URL不等于不同实物"
"钧窑盖罐","中国国家博物馆","guobo","","https://www.chnmuseum.cn/zp/zpml/201812/t20181218_26822.shtml","https://www.chnmuseum.cn/zp/zpml/index_12.shtml","2026-10-04T07:17:00.713Z","97b064e3c668c83ccd2cfee63774565910ce0a316ca3ddf4990005fdda94e601","a008b867a38e81f9b99e.html","","candidate-detail-unread","unknown","独立官网详情记录；同名藏品仍需核对编号或出土地点，不同URL不等于不同实物"
"郎窑红釉观音尊","中国国家博物馆","guobo","","https://www.chnmuseum.cn/zp/zpml/201812/t20181218_26821.shtml","https://www.chnmuseum.cn/zp/zpml/index_12.shtml","2026-10-04T07:17:00.713Z","97b064e3c668c83ccd2cfee63774565910ce0a316ca3ddf4990005fdda94e601","a008b867a38e81f9b99e.html","","candidate-detail-unread","unknown","独立官网详情记录；同名藏品仍需核对编号或出土地点，不同URL不等于不同实物"
"炉钧釉瓶","中国国家博物馆","guobo","","https://www.chnmuseum.cn/zp/zpml/201812/t20181218_26819.shtml","https://www.chnmuseum.cn/zp/zpml/index_12.shtml","2026-10-04T07:17:00.713Z","97b064e3c668c83ccd2cfee63774565910ce0a316ca3ddf4990005fdda94e601","a008b867a38e81f9b99e.html","","candidate-detail-unread","unknown","独立官网详情记录；同名藏品仍需核对编号或出土地点，不同URL不等于不同实物"
"青花山水人物图净水碗罐","中国国家博物馆","guobo","","https://www.chnmuseum.cn/zp/zpml/201812/t20181218_26818.shtml","https://www.chnmuseum.cn/zp/zpml/index_12.shtml","2026-10-04T07:17:00.713Z","97b064e3c668c83ccd2cfee63774565910ce0a316ca3ddf4990005fdda94e601","a008b867a38e81f9b99e.html","","candidate-detail-unread","unknown","独立官网详情记录；同名藏品仍需核对编号或出土地点，不同URL不等于不同实物"
"珐琅彩西洋花纹蒜头瓶","中国国家博物馆","guobo","","https://www.chnmuseum.cn/zp/zpml/201812/t20181218_26817.shtml","https://www.chnmuseum.cn/zp/zpml/index_12.shtml","2026-10-04T07:17:00.713Z","97b064e3c668c83ccd2cfee63774565910ce0a316ca3ddf4990005fdda94e601","a008b867a38e81f9b99e.html","","candidate-detail-unread","unknown","独立官网详情记录；同名藏品仍需核对编号或出土地点，不同URL不等于不同实物"
"矾红番莲纹藏草瓶","中国国家博物馆","guobo","","https://www.chnmuseum.cn/zp/zpml/201812/t20181218_26815.shtml","https://www.chnmuseum.cn/zp/zpml/index_12.shtml","2026-10-04T07:17:00.713Z","97b064e3c668c83ccd2cfee63774565910ce0a316ca3ddf4990005fdda94e601","a008b867a38e81f9b99e.html","","candidate-detail-unread","unknown","独立官网详情记录；同名藏品仍需核对编号或出土地点，不同URL不等于不同实物"
"粉彩莲台八宝","中国国家博物馆","guobo","","https://www.chnmuseum.cn/zp/zpml/201812/t20181218_26814.shtml","https://www.chnmuseum.cn/zp/zpml/index_12.shtml","2026-10-04T07:17:00.713Z","97b064e3c668c83ccd2cfee63774565910ce0a316ca3ddf4990005fdda94e601","a008b867a38e81f9b99e.html","","candidate-detail-unread","unknown","独立官网详情记录；同名藏品仍需核对编号或出土地点，不同URL不等于不同实物"
"仿古铜釉描金牺耳尊","中国国家博物馆","guobo","","https://www.chnmuseum.cn/zp/zpml/201812/t20181218_26813.shtml","https://www.chnmuseum.cn/zp/zpml/index_12.shtml","2026-10-04T07:17:00.713Z","97b064e3c668c83ccd2cfee63774565910ce0a316ca3ddf4990005fdda94e601","a008b867a38e81f9b99e.html","","candidate-detail-unread","unknown","独立官网详情记录；同名藏品仍需核对编号或出土地点，不同URL不等于不同实物"
"玉兔佩","中国国家博物馆","guobo","西周","https://www.chnmuseum.cn/zp/zpml/201812/t20181218_26812.shtml","https://www.chnmuseum.cn/zp/zpml/index_12.shtml","2026-10-04T07:17:00.713Z","97b064e3c668c83ccd2cfee63774565910ce0a316ca3ddf4990005fdda94e601","a008b867a38e81f9b99e.html","","candidate-detail-unread","unknown","独立官网详情记录；同名藏品仍需核对编号或出土地点，不同URL不等于不同实物"
"“牢羊司寇”铜印","中国国家博物馆","guobo","","https://www.chnmuseum.cn/zp/zpml/201812/t20181218_26811.shtml","https://www.chnmuseum.cn/zp/zpml/index_13.shtml","2026-10-04T07:17:00.950Z","4e2bbedaf1a36082a8cdcb8ef959086f5a1c9813ea736b362c40ea7b0cb3a07c","cea1ee36bd8aae873da7.html","","candidate-detail-unread","unknown","独立官网详情记录；同名藏品仍需核对编号或出土地点，不同URL不等于不同实物"
"描金银云龙纹斗方纸","中国国家博物馆","guobo","","https://www.chnmuseum.cn/zp/zpml/201812/t20181218_26810.shtml","https://www.chnmuseum.cn/zp/zpml/index_13.shtml","2026-10-04T07:17:00.950Z","4e2bbedaf1a36082a8cdcb8ef959086f5a1c9813ea736b362c40ea7b0cb3a07c","cea1ee36bd8aae873da7.html","","candidate-detail-unread","unknown","独立官网详情记录；同名藏品仍需核对编号或出土地点，不同URL不等于不同实物"
"粉白地暗花双龙戏球纹宣纸","中国国家博物馆","guobo","","https://www.chnmuseum.cn/zp/zpml/201812/t20181218_26809.shtml","https://www.chnmuseum.cn/zp/zpml/index_13.shtml","2026-10-04T07:17:00.950Z","4e2bbedaf1a36082a8cdcb8ef959086f5a1c9813ea736b362c40ea7b0cb3a07c","cea1ee36bd8aae873da7.html","","candidate-detail-unread","unknown","独立官网详情记录；同名藏品仍需核对编号或出土地点，不同URL不等于不同实物"
"竹纸","中国国家博物馆","guobo","","https://www.chnmuseum.cn/zp/zpml/201812/t20181218_26808.shtml","https://www.chnmuseum.cn/zp/zpml/index_13.shtml","2026-10-04T07:17:00.950Z","4e2bbedaf1a36082a8cdcb8ef959086f5a1c9813ea736b362c40ea7b0cb3a07c","cea1ee36bd8aae873da7.html","","candidate-detail-unread","unknown","独立官网详情记录；同名藏品仍需核对编号或出土地点，不同URL不等于不同实物"
"残写经纸","中国国家博物馆","guobo","晋;十六国","https://www.chnmuseum.cn/zp/zpml/201812/t20181218_26804.shtml","https://www.chnmuseum.cn/zp/zpml/index_13.shtml","2026-10-04T07:17:00.950Z","4e2bbedaf1a36082a8cdcb8ef959086f5a1c9813ea736b362c40ea7b0cb3a07c","cea1ee36bd8aae873da7.html","","candidate-detail-unread","unknown","独立官网详情记录；同名藏品仍需核对编号或出土地点，不同URL不等于不同实物"
"《聊斋志异》画册","中国国家博物馆","guobo","","https://www.chnmuseum.cn/zp/zpml/201812/t20181218_26795.shtml","https://www.chnmuseum.cn/zp/zpml/index_13.shtml","2026-10-04T07:17:00.950Z","4e2bbedaf1a36082a8cdcb8ef959086f5a1c9813ea736b362c40ea7b0cb3a07c","cea1ee36bd8aae873da7.html","","candidate-detail-unread","unknown","独立官网详情记录；同名藏品仍需核对编号或出土地点，不同URL不等于不同实物"
"玻璃瓶","中国国家博物馆","guobo","","https://www.chnmuseum.cn/zp/zpml/201812/t20181218_26793.shtml","https://www.chnmuseum.cn/zp/zpml/index_13.shtml","2026-10-04T07:17:00.950Z","4e2bbedaf1a36082a8cdcb8ef959086f5a1c9813ea736b362c40ea7b0cb3a07c","cea1ee36bd8aae873da7.html","","candidate-detail-unread","unknown","独立官网详情记录；同名藏品仍需核对编号或出土地点，不同URL不等于不同实物"
"四系彩陶碟形器","中国国家博物馆","guobo","新石器;新石器时代后期;马厂文化","https://www.chnmuseum.cn/zp/zpml/201812/t20181218_26792.shtml","https://www.chnmuseum.cn/zp/zpml/index_13.shtml","2026-10-04T07:17:00.950Z","4e2bbedaf1a36082a8cdcb8ef959086f5a1c9813ea736b362c40ea7b0cb3a07c","cea1ee36bd8aae873da7.html","","candidate-detail-unread","unknown","独立官网详情记录；同名藏品仍需核对编号或出土地点，不同URL不等于不同实物"
"点眉纹双耳彩陶罐","中国国家博物馆","guobo","新石器;新石器时代后期;马家窑文化","https://www.chnmuseum.cn/zp/zpml/201812/t20181218_26791.shtml","https://www.chnmuseum.cn/zp/zpml/index_13.shtml","2026-10-04T07:17:00.950Z","4e2bbedaf1a36082a8cdcb8ef959086f5a1c9813ea736b362c40ea7b0cb3a07c","cea1ee36bd8aae873da7.html","","candidate-detail-unread","unknown","独立官网详情记录；同名藏品仍需核对编号或出土地点，不同URL不等于不同实物"
"白釉观音瓷像","中国国家博物馆","guobo","","https://www.chnmuseum.cn/zp/zpml/201812/t20181218_26790.shtml","https://www.chnmuseum.cn/zp/zpml/index_13.shtml","2026-10-04T07:17:00.950Z","4e2bbedaf1a36082a8cdcb8ef959086f5a1c9813ea736b362c40ea7b0cb3a07c","cea1ee36bd8aae873da7.html","","candidate-detail-unread","unknown","独立官网详情记录；同名藏品仍需核对编号或出土地点，不同URL不等于不同实物"
"青花人物三足瓷炉","中国国家博物馆","guobo","","https://www.chnmuseum.cn/zp/zpml/201812/t20181218_26789.shtml","https://www.chnmuseum.cn/zp/zpml/index_13.shtml","2026-10-04T07:17:00.950Z","4e2bbedaf1a36082a8cdcb8ef959086f5a1c9813ea736b362c40ea7b0cb3a07c","cea1ee36bd8aae873da7.html","","candidate-detail-unread","unknown","独立官网详情记录；同名藏品仍需核对编号或出土地点，不同URL不等于不同实物"
"青花松鼠纹多棱瓷罐","中国国家博物馆","guobo","","https://www.chnmuseum.cn/zp/zpml/201812/t20181218_26788.shtml","https://www.chnmuseum.cn/zp/zpml/index_13.shtml","2026-10-04T07:17:00.950Z","4e2bbedaf1a36082a8cdcb8ef959086f5a1c9813ea736b362c40ea7b0cb3a07c","cea1ee36bd8aae873da7.html","","candidate-detail-unread","unknown","独立官网详情记录；同名藏品仍需核对编号或出土地点，不同URL不等于不同实物"
"褐釉剔花瓷梅瓶","中国国家博物馆","guobo","","https://www.chnmuseum.cn/zp/zpml/201812/t20181218_26787.shtml","https://www.chnmuseum.cn/zp/zpml/index_14.shtml","2026-10-04T07:17:01.155Z","dd84916bae88c2300e232ae00adf318dd38b75ae5958908559e04b3ccf5c6183","4743b0595c64dc222127.html","","candidate-detail-unread","unknown","独立官网详情记录；同名藏品仍需核对编号或出土地点，不同URL不等于不同实物"
"钧窑天青釉瓷盖罐","中国国家博物馆","guobo","","https://www.chnmuseum.cn/zp/zpml/201812/t20181218_26786.shtml","https://www.chnmuseum.cn/zp/zpml/index_14.shtml","2026-10-04T07:17:01.155Z","dd84916bae88c2300e232ae00adf318dd38b75ae5958908559e04b3ccf5c6183","4743b0595c64dc222127.html","","candidate-detail-unread","unknown","独立官网详情记录；同名藏品仍需核对编号或出土地点，不同URL不等于不同实物"
"黑釉白斑龙柄瓷执壶","中国国家博物馆","guobo","","https://www.chnmuseum.cn/zp/zpml/201812/t20181218_26785.shtml","https://www.chnmuseum.cn/zp/zpml/index_14.shtml","2026-10-04T07:17:01.155Z","dd84916bae88c2300e232ae00adf318dd38b75ae5958908559e04b3ccf5c6183","4743b0595c64dc222127.html","","candidate-detail-unread","unknown","独立官网详情记录；同名藏品仍需核对编号或出土地点，不同URL不等于不同实物"
"镶金嵌珠伽楠手镯","中国国家博物馆","guobo","","https://www.chnmuseum.cn/zp/zpml/201812/t20181218_26720.shtml","https://www.chnmuseum.cn/zp/zpml/index_14.shtml","2026-10-04T07:17:01.155Z","dd84916bae88c2300e232ae00adf318dd38b75ae5958908559e04b3ccf5c6183","4743b0595c64dc222127.html","","candidate-detail-unread","unknown","独立官网详情记录；同名藏品仍需核对编号或出土地点，不同URL不等于不同实物"
"花钗","中国国家博物馆","guobo","清","https://www.chnmuseum.cn/zp/zpml/201812/t20181218_26716.shtml","https://www.chnmuseum.cn/zp/zpml/index_14.shtml","2026-10-04T07:17:01.155Z","dd84916bae88c2300e232ae00adf318dd38b75ae5958908559e04b3ccf5c6183","4743b0595c64dc222127.html","","candidate-detail-unread","unknown","独立官网详情记录；同名藏品仍需核对编号或出土地点，不同URL不等于不同实物"
"海棠花梳背","中国国家博物馆","guobo","","https://www.chnmuseum.cn/zp/zpml/201812/t20181218_26660.shtml","https://www.chnmuseum.cn/zp/zpml/index_14.shtml","2026-10-04T07:17:01.155Z","dd84916bae88c2300e232ae00adf318dd38b75ae5958908559e04b3ccf5c6183","4743b0595c64dc222127.html","","candidate-detail-unread","unknown","独立官网详情记录；同名藏品仍需核对编号或出土地点，不同URL不等于不同实物"
"黄釉戴帽女陶俑","中国国家博物馆","guobo","隋","https://www.chnmuseum.cn/zp/zpml/201812/t20181218_26632.shtml","https://www.chnmuseum.cn/zp/zpml/index_14.shtml","2026-10-04T07:17:01.155Z","dd84916bae88c2300e232ae00adf318dd38b75ae5958908559e04b3ccf5c6183","4743b0595c64dc222127.html","","candidate-detail-unread","unknown","独立官网详情记录；同名藏品仍需核对编号或出土地点，不同URL不等于不同实物"
"白玉钗","中国国家博物馆","guobo","","https://www.chnmuseum.cn/zp/zpml/201812/t20181218_26623.shtml","https://www.chnmuseum.cn/zp/zpml/index_14.shtml","2026-10-04T07:17:01.155Z","dd84916bae88c2300e232ae00adf318dd38b75ae5958908559e04b3ccf5c6183","4743b0595c64dc222127.html","","candidate-detail-unread","unknown","独立官网详情记录；同名藏品仍需核对编号或出土地点，不同URL不等于不同实物"
"琉璃珠","中国国家博物馆","guobo","","https://www.chnmuseum.cn/zp/zpml/201812/t20181218_26617.shtml","https://www.chnmuseum.cn/zp/zpml/index_14.shtml","2026-10-04T07:17:01.155Z","dd84916bae88c2300e232ae00adf318dd38b75ae5958908559e04b3ccf5c6183","4743b0595c64dc222127.html","","candidate-detail-unread","unknown","独立官网详情记录；同名藏品仍需核对编号或出土地点，不同URL不等于不同实物"
"琉璃珠","中国国家博物馆","guobo","","https://www.chnmuseum.cn/zp/zpml/201812/t20181218_26615.shtml","https://www.chnmuseum.cn/zp/zpml/index_14.shtml","2026-10-04T07:17:01.155Z","dd84916bae88c2300e232ae00adf318dd38b75ae5958908559e04b3ccf5c6183","4743b0595c64dc222127.html","","candidate-detail-unread","unknown","独立官网详情记录；同名藏品仍需核对编号或出土地点，不同URL不等于不同实物"
"彩绘背婴女陶俑","中国国家博物馆","guobo","","https://www.chnmuseum.cn/zp/zpml/201812/t20181218_26611.shtml","https://www.chnmuseum.cn/zp/zpml/index_14.shtml","2026-10-04T07:17:01.155Z","dd84916bae88c2300e232ae00adf318dd38b75ae5958908559e04b3ccf5c6183","4743b0595c64dc222127.html","","candidate-detail-unread","unknown","独立官网详情记录；同名藏品仍需核对编号或出土地点，不同URL不等于不同实物"
"《水经注》","中国国家博物馆","guobo","","https://www.chnmuseum.cn/zp/zpml/201812/t20181218_26390.shtml","https://www.chnmuseum.cn/zp/zpml/index_14.shtml","2026-10-04T07:17:01.155Z","dd84916bae88c2300e232ae00adf318dd38b75ae5958908559e04b3ccf5c6183","4743b0595c64dc222127.html","","candidate-detail-unread","unknown","独立官网详情记录；同名藏品仍需核对编号或出土地点，不同URL不等于不同实物"
"《陶渊明集》","中国国家博物馆","guobo","","https://www.chnmuseum.cn/zp/zpml/201812/t20181218_26389.shtml","https://www.chnmuseum.cn/zp/zpml/index_15.shtml","2026-10-04T07:17:01.344Z","b4b418d0c8fd509270a042ff7c1e4d45f030eceafd0bccbcb4a466cabc20c6cb","300870a2b194492924df.html","","candidate-detail-unread","unknown","独立官网详情记录；同名藏品仍需核对编号或出土地点，不同URL不等于不同实物"
"被八国联军焚烧的正阳门","中国国家博物馆","guobo","","https://www.chnmuseum.cn/zp/zpml/201812/t20181218_26371.shtml","https://www.chnmuseum.cn/zp/zpml/index_15.shtml","2026-10-04T07:17:01.344Z","b4b418d0c8fd509270a042ff7c1e4d45f030eceafd0bccbcb4a466cabc20c6cb","300870a2b194492924df.html","","candidate-detail-unread","unknown","独立官网详情记录；同名藏品仍需核对编号或出土地点，不同URL不等于不同实物"
"清宫推背器","中国国家博物馆","guobo","","https://www.chnmuseum.cn/zp/zpml/201812/t20181218_26368.shtml","https://www.chnmuseum.cn/zp/zpml/index_15.shtml","2026-10-04T07:17:01.344Z","b4b418d0c8fd509270a042ff7c1e4d45f030eceafd0bccbcb4a466cabc20c6cb","300870a2b194492924df.html","","candidate-detail-unread","unknown","独立官网详情记录；同名藏品仍需核对编号或出土地点，不同URL不等于不同实物"
"“太清丰乐”铜钱、“凉造新泉”铜钱","中国国家博物馆","guobo","晋;十六国","https://www.chnmuseum.cn/zp/zpml/201812/t20181218_26359.shtml","https://www.chnmuseum.cn/zp/zpml/index_15.shtml","2026-10-04T07:17:01.344Z","b4b418d0c8fd509270a042ff7c1e4d45f030eceafd0bccbcb4a466cabc20c6cb","300870a2b194492924df.html","","candidate-detail-unread","unknown","独立官网详情记录；同名藏品仍需核对编号或出土地点，不同URL不等于不同实物"
"《孙子兵法》（南宋刊本）","中国国家博物馆","guobo","","https://www.chnmuseum.cn/zp/zpml/201812/t20181218_26318.shtml","https://www.chnmuseum.cn/zp/zpml/index_15.shtml","2026-10-04T07:17:01.344Z","b4b418d0c8fd509270a042ff7c1e4d45f030eceafd0bccbcb4a466cabc20c6cb","300870a2b194492924df.html","","candidate-detail-unread","unknown","独立官网详情记录；同名藏品仍需核对编号或出土地点，不同URL不等于不同实物"
"《论语》（明刊本）","中国国家博物馆","guobo","","https://www.chnmuseum.cn/zp/zpml/201812/t20181218_26317.shtml","https://www.chnmuseum.cn/zp/zpml/index_15.shtml","2026-10-04T07:17:01.344Z","b4b418d0c8fd509270a042ff7c1e4d45f030eceafd0bccbcb4a466cabc20c6cb","300870a2b194492924df.html","","candidate-detail-unread","unknown","独立官网详情记录；同名藏品仍需核对编号或出土地点，不同URL不等于不同实物"
"青铜空首布","中国国家博物馆","guobo","春秋","https://www.chnmuseum.cn/zp/zpml/201812/t20181218_26315.shtml","https://www.chnmuseum.cn/zp/zpml/index_15.shtml","2026-10-04T07:17:01.344Z","b4b418d0c8fd509270a042ff7c1e4d45f030eceafd0bccbcb4a466cabc20c6cb","300870a2b194492924df.html","","candidate-detail-unread","unknown","独立官网详情记录；同名藏品仍需核对编号或出土地点，不同URL不等于不同实物"
"青玉嵌白玉宝石盒","中国国家博物馆","guobo","","https://www.chnmuseum.cn/zp/zpml/201812/t20181218_26312.shtml","https://www.chnmuseum.cn/zp/zpml/index_15.shtml","2026-10-04T07:17:01.344Z","b4b418d0c8fd509270a042ff7c1e4d45f030eceafd0bccbcb4a466cabc20c6cb","300870a2b194492924df.html","","candidate-detail-unread","unknown","独立官网详情记录；同名藏品仍需核对编号或出土地点，不同URL不等于不同实物"
"意大利鼻烟","中国国家博物馆","guobo","","https://www.chnmuseum.cn/zp/zpml/201812/t20181218_26301.shtml","https://www.chnmuseum.cn/zp/zpml/index_15.shtml","2026-10-04T07:17:01.344Z","b4b418d0c8fd509270a042ff7c1e4d45f030eceafd0bccbcb4a466cabc20c6cb","300870a2b194492924df.html","","candidate-detail-unread","unknown","独立官网详情记录；同名藏品仍需核对编号或出土地点，不同URL不等于不同实物"
"《北京店铺门面》图册","中国国家博物馆","guobo","","https://www.chnmuseum.cn/zp/zpml/201812/t20181218_26297.shtml","https://www.chnmuseum.cn/zp/zpml/index_15.shtml","2026-10-04T07:17:01.344Z","b4b418d0c8fd509270a042ff7c1e4d45f030eceafd0bccbcb4a466cabc20c6cb","300870a2b194492924df.html","","candidate-detail-unread","unknown","独立官网详情记录；同名藏品仍需核对编号或出土地点，不同URL不等于不同实物"
"门头沟煤窑执照","中国国家博物馆","guobo","清","https://www.chnmuseum.cn/zp/zpml/201812/t20181218_26294.shtml","https://www.chnmuseum.cn/zp/zpml/index_15.shtml","2026-10-04T07:17:01.344Z","b4b418d0c8fd509270a042ff7c1e4d45f030eceafd0bccbcb4a466cabc20c6cb","300870a2b194492924df.html","","candidate-detail-unread","unknown","独立官网详情记录；同名藏品仍需核对编号或出土地点，不同URL不等于不同实物"
"鄂伦春族图","中国国家博物馆","guobo","","https://www.chnmuseum.cn/zp/zpml/201812/t20181218_26263.shtml","https://www.chnmuseum.cn/zp/zpml/index_15.shtml","2026-10-04T07:17:01.344Z","b4b418d0c8fd509270a042ff7c1e4d45f030eceafd0bccbcb4a466cabc20c6cb","300870a2b194492924df.html","","candidate-detail-unread","unknown","独立官网详情记录；同名藏品仍需核对编号或出土地点，不同URL不等于不同实物"
"桦皮弓","中国国家博物馆","guobo","","https://www.chnmuseum.cn/zp/zpml/201812/t20181218_26260.shtml","https://www.chnmuseum.cn/zp/zpml/index_16.shtml","2026-10-04T07:17:01.546Z","c46802f658cc8b71a1f5d51178fd6dfdc29bb41a409a8505bce62b47a8afbaf2","74d557774934cd83796b.html","","candidate-detail-unread","unknown","独立官网详情记录；同名藏品仍需核对编号或出土地点，不同URL不等于不同实物"
"蔡毓荣南征图卷局部","中国国家博物馆","guobo","","https://www.chnmuseum.cn/zp/zpml/201812/t20181218_26259.shtml","https://www.chnmuseum.cn/zp/zpml/index_16.shtml","2026-10-04T07:17:01.546Z","c46802f658cc8b71a1f5d51178fd6dfdc29bb41a409a8505bce62b47a8afbaf2","74d557774934cd83796b.html","","candidate-detail-unread","unknown","独立官网详情记录；同名藏品仍需核对编号或出土地点，不同URL不等于不同实物"
"浙江乌程县滋生增益人丁黄册","中国国家博物馆","guobo","","https://www.chnmuseum.cn/zp/zpml/201812/t20181218_26258.shtml","https://www.chnmuseum.cn/zp/zpml/index_16.shtml","2026-10-04T07:17:01.546Z","c46802f658cc8b71a1f5d51178fd6dfdc29bb41a409a8505bce62b47a8afbaf2","74d557774934cd83796b.html","","candidate-detail-unread","unknown","独立官网详情记录；同名藏品仍需核对编号或出土地点，不同URL不等于不同实物"
"镇守沧州地方城守尉之印","中国国家博物馆","guobo","","https://www.chnmuseum.cn/zp/zpml/201812/t20181218_26257.shtml","https://www.chnmuseum.cn/zp/zpml/index_16.shtml","2026-10-04T07:17:01.546Z","c46802f658cc8b71a1f5d51178fd6dfdc29bb41a409a8505bce62b47a8afbaf2","74d557774934cd83796b.html","","candidate-detail-unread","unknown","独立官网详情记录；同名藏品仍需核对编号或出土地点，不同URL不等于不同实物"
"京城巡捕中营参将关防","中国国家博物馆","guobo","","https://www.chnmuseum.cn/zp/zpml/201812/t20181218_26256.shtml","https://www.chnmuseum.cn/zp/zpml/index_16.shtml","2026-10-04T07:17:01.546Z","c46802f658cc8b71a1f5d51178fd6dfdc29bb41a409a8505bce62b47a8afbaf2","74d557774934cd83796b.html","","candidate-detail-unread","unknown","独立官网详情记录；同名藏品仍需核对编号或出土地点，不同URL不等于不同实物"
"满文“天聪通宝”","中国国家博物馆","guobo","清","https://www.chnmuseum.cn/zp/zpml/201812/t20181218_26254.shtml","https://www.chnmuseum.cn/zp/zpml/index_16.shtml","2026-10-04T07:17:01.546Z","c46802f658cc8b71a1f5d51178fd6dfdc29bb41a409a8505bce62b47a8afbaf2","74d557774934cd83796b.html","","candidate-detail-unread","unknown","独立官网详情记录；同名藏品仍需核对编号或出土地点，不同URL不等于不同实物"
"《万历九年清丈鱼鳞清册》","中国国家博物馆","guobo","","https://www.chnmuseum.cn/zp/zpml/201812/t20181218_26237.shtml","https://www.chnmuseum.cn/zp/zpml/index_16.shtml","2026-10-04T07:17:01.546Z","c46802f658cc8b71a1f5d51178fd6dfdc29bb41a409a8505bce62b47a8afbaf2","74d557774934cd83796b.html","","candidate-detail-unread","unknown","独立官网详情记录；同名藏品仍需核对编号或出土地点，不同URL不等于不同实物"
"潞王中和琴","中国国家博物馆","guobo","明","https://www.chnmuseum.cn/zp/zpml/201812/t20181218_26230.shtml","https://www.chnmuseum.cn/zp/zpml/index_16.shtml","2026-10-04T07:17:01.546Z","c46802f658cc8b71a1f5d51178fd6dfdc29bb41a409a8505bce62b47a8afbaf2","74d557774934cd83796b.html","","candidate-detail-unread","unknown","独立官网详情记录；同名藏品仍需核对编号或出土地点，不同URL不等于不同实物"
"宴享画像石拓片","中国国家博物馆","guobo","","https://www.chnmuseum.cn/zp/zpml/201812/t20181218_26227.shtml","https://www.chnmuseum.cn/zp/zpml/index_16.shtml","2026-10-04T07:17:01.546Z","c46802f658cc8b71a1f5d51178fd6dfdc29bb41a409a8505bce62b47a8afbaf2","74d557774934cd83796b.html","","candidate-detail-unread","unknown","独立官网详情记录；同名藏品仍需核对编号或出土地点，不同URL不等于不同实物"
"戥子","中国国家博物馆","guobo","明","https://www.chnmuseum.cn/zp/zpml/201812/t20181218_26223.shtml","https://www.chnmuseum.cn/zp/zpml/index_16.shtml","2026-10-04T07:17:01.546Z","c46802f658cc8b71a1f5d51178fd6dfdc29bb41a409a8505bce62b47a8afbaf2","74d557774934cd83796b.html","","candidate-detail-unread","unknown","独立官网详情记录；同名藏品仍需核对编号或出土地点，不同URL不等于不同实物"
"金花银","中国国家博物馆","guobo","明","https://www.chnmuseum.cn/zp/zpml/201812/t20181218_26214.shtml","https://www.chnmuseum.cn/zp/zpml/index_16.shtml","2026-10-04T07:17:01.546Z","c46802f658cc8b71a1f5d51178fd6dfdc29bb41a409a8505bce62b47a8afbaf2","74d557774934cd83796b.html","","candidate-detail-unread","unknown","独立官网详情记录；同名藏品仍需核对编号或出土地点，不同URL不等于不同实物"
"伊簋铭文","中国国家博物馆","guobo","","https://www.chnmuseum.cn/zp/zpml/201812/t20181218_26172.shtml","https://www.chnmuseum.cn/zp/zpml/index_16.shtml","2026-10-04T07:17:01.546Z","c46802f658cc8b71a1f5d51178fd6dfdc29bb41a409a8505bce62b47a8afbaf2","74d557774934cd83796b.html","","candidate-detail-unread","unknown","独立官网详情记录；同名藏品仍需核对编号或出土地点，不同URL不等于不同实物"
"鼒簋","中国国家博物馆","guobo","西周","https://www.chnmuseum.cn/zp/zpml/201812/t20181218_26160.shtml","https://www.chnmuseum.cn/zp/zpml/index_17.shtml","2026-10-04T07:17:01.750Z","bbbc0e2a0afd3ebdc6eca5e50467b1f6b3049dca70b38fb10bc9f8d56a0baf53","333aca02acce4228a040.html","","candidate-detail-unread","unknown","独立官网详情记录；同名藏品仍需核对编号或出土地点，不同URL不等于不同实物"
"“明瓒诗后题卷”局部","中国国家博物馆","guobo","宋;北宋","https://www.chnmuseum.cn/zp/zpml/201812/t20181218_26152.shtml","https://www.chnmuseum.cn/zp/zpml/index_17.shtml","2026-10-04T07:17:01.750Z","bbbc0e2a0afd3ebdc6eca5e50467b1f6b3049dca70b38fb10bc9f8d56a0baf53","333aca02acce4228a040.html","","candidate-detail-unread","unknown","独立官网详情记录；同名藏品仍需核对编号或出土地点，不同URL不等于不同实物"
"《考古图》书页局部","中国国家博物馆","guobo","","https://www.chnmuseum.cn/zp/zpml/201812/t20181218_26151.shtml","https://www.chnmuseum.cn/zp/zpml/index_17.shtml","2026-10-04T07:17:01.750Z","bbbc0e2a0afd3ebdc6eca5e50467b1f6b3049dca70b38fb10bc9f8d56a0baf53","333aca02acce4228a040.html","","candidate-detail-unread","unknown","独立官网详情记录；同名藏品仍需核对编号或出土地点，不同URL不等于不同实物"
"《资治通鉴》手稿","中国国家博物馆","guobo","","https://www.chnmuseum.cn/zp/zpml/201812/t20181218_26150.shtml","https://www.chnmuseum.cn/zp/zpml/index_17.shtml","2026-10-04T07:17:01.750Z","bbbc0e2a0afd3ebdc6eca5e50467b1f6b3049dca70b38fb10bc9f8d56a0baf53","333aca02acce4228a040.html","","candidate-detail-unread","unknown","独立官网详情记录；同名藏品仍需核对编号或出土地点，不同URL不等于不同实物"
"《西厢记诸宫调》","中国国家博物馆","guobo","","https://www.chnmuseum.cn/zp/zpml/201812/t20181218_26149.shtml","https://www.chnmuseum.cn/zp/zpml/index_17.shtml","2026-10-04T07:17:01.750Z","bbbc0e2a0afd3ebdc6eca5e50467b1f6b3049dca70b38fb10bc9f8d56a0baf53","333aca02acce4228a040.html","","candidate-detail-unread","unknown","独立官网详情记录；同名藏品仍需核对编号或出土地点，不同URL不等于不同实物"
"开方作法本源图","中国国家博物馆","guobo","","https://www.chnmuseum.cn/zp/zpml/201812/t20181218_26138.shtml","https://www.chnmuseum.cn/zp/zpml/index_17.shtml","2026-10-04T07:17:01.750Z","bbbc0e2a0afd3ebdc6eca5e50467b1f6b3049dca70b38fb10bc9f8d56a0baf53","333aca02acce4228a040.html","","candidate-detail-unread","unknown","独立官网详情记录；同名藏品仍需核对编号或出土地点，不同URL不等于不同实物"
"水运仪象台图","中国国家博物馆","guobo","","https://www.chnmuseum.cn/zp/zpml/201812/t20181218_26137.shtml","https://www.chnmuseum.cn/zp/zpml/index_17.shtml","2026-10-04T07:17:01.750Z","bbbc0e2a0afd3ebdc6eca5e50467b1f6b3049dca70b38fb10bc9f8d56a0baf53","333aca02acce4228a040.html","","candidate-detail-unread","unknown","独立官网详情记录；同名藏品仍需核对编号或出土地点，不同URL不等于不同实物"
"青瓷残片","中国国家博物馆","guobo","","https://www.chnmuseum.cn/zp/zpml/201812/t20181218_26134.shtml","https://www.chnmuseum.cn/zp/zpml/index_17.shtml","2026-10-04T07:17:01.750Z","bbbc0e2a0afd3ebdc6eca5e50467b1f6b3049dca70b38fb10bc9f8d56a0baf53","333aca02acce4228a040.html","","candidate-detail-unread","unknown","独立官网详情记录；同名藏品仍需核对编号或出土地点，不同URL不等于不同实物"
"《宝庆四明志》","中国国家博物馆","guobo","","https://www.chnmuseum.cn/zp/zpml/201812/t20181218_26132.shtml","https://www.chnmuseum.cn/zp/zpml/index_17.shtml","2026-10-04T07:17:01.750Z","bbbc0e2a0afd3ebdc6eca5e50467b1f6b3049dca70b38fb10bc9f8d56a0baf53","333aca02acce4228a040.html","","candidate-detail-unread","unknown","独立官网详情记录；同名藏品仍需核对编号或出土地点，不同URL不等于不同实物"
"会子版","中国国家博物馆","guobo","宋;南宋","https://www.chnmuseum.cn/zp/zpml/201812/t20181218_26121.shtml","https://www.chnmuseum.cn/zp/zpml/index_17.shtml","2026-10-04T07:17:01.750Z","bbbc0e2a0afd3ebdc6eca5e50467b1f6b3049dca70b38fb10bc9f8d56a0baf53","333aca02acce4228a040.html","","candidate-detail-unread","unknown","独立官网详情记录；同名藏品仍需核对编号或出土地点，不同URL不等于不同实物"
"水排风箱图","中国国家博物馆","guobo","","https://www.chnmuseum.cn/zp/zpml/201812/t20181218_26118.shtml","https://www.chnmuseum.cn/zp/zpml/index_17.shtml","2026-10-04T07:17:01.750Z","bbbc0e2a0afd3ebdc6eca5e50467b1f6b3049dca70b38fb10bc9f8d56a0baf53","333aca02acce4228a040.html","","candidate-detail-unread","unknown","独立官网详情记录；同名藏品仍需核对编号或出土地点，不同URL不等于不同实物"
"菱花形漆奁","中国国家博物馆","guobo","宋","https://www.chnmuseum.cn/zp/zpml/201812/t20181218_26113.shtml","https://www.chnmuseum.cn/zp/zpml/index_17.shtml","2026-10-04T07:17:01.750Z","bbbc0e2a0afd3ebdc6eca5e50467b1f6b3049dca70b38fb10bc9f8d56a0baf53","333aca02acce4228a040.html","","candidate-detail-unread","unknown","独立官网详情记录；同名藏品仍需核对编号或出土地点，不同URL不等于不同实物"
"定窑划花萱草葵瓣口碗","中国国家博物馆","guobo","宋;北宋","https://www.chnmuseum.cn/zp/zpml/201812/t20181218_26106.shtml","https://www.chnmuseum.cn/zp/zpml/index_18.shtml","2026-10-04T07:17:01.952Z","c8cf1404fa108207c585bab6779653d95e206fa4ad65e2bb67383da523b00e85","81e514c328a086405b18.html","","candidate-detail-unread","unknown","独立官网详情记录；同名藏品仍需核对编号或出土地点，不同URL不等于不同实物"
"南宋铜钱","中国国家博物馆","guobo","","https://www.chnmuseum.cn/zp/zpml/201812/t20181218_26092.shtml","https://www.chnmuseum.cn/zp/zpml/index_18.shtml","2026-10-04T07:17:01.952Z","c8cf1404fa108207c585bab6779653d95e206fa4ad65e2bb67383da523b00e85","81e514c328a086405b18.html","","candidate-detail-unread","unknown","独立官网详情记录；同名藏品仍需核对编号或出土地点，不同URL不等于不同实物"
"定窑皇统元年剔花枕","中国国家博物馆","guobo","宋;金","https://www.chnmuseum.cn/zp/zpml/201812/t20181218_26089.shtml","https://www.chnmuseum.cn/zp/zpml/index_18.shtml","2026-10-04T07:17:01.952Z","c8cf1404fa108207c585bab6779653d95e206fa4ad65e2bb67383da523b00e85","81e514c328a086405b18.html","","candidate-detail-unread","unknown","独立官网详情记录；同名藏品仍需核对编号或出土地点，不同URL不等于不同实物"
"正隆元宝","中国国家博物馆","guobo","","https://www.chnmuseum.cn/zp/zpml/201812/t20181218_26083.shtml","https://www.chnmuseum.cn/zp/zpml/index_18.shtml","2026-10-04T07:17:01.952Z","c8cf1404fa108207c585bab6779653d95e206fa4ad65e2bb67383da523b00e85","81e514c328a086405b18.html","","candidate-detail-unread","unknown","独立官网详情记录；同名藏品仍需核对编号或出土地点，不同URL不等于不同实物"
"“韩州刺史”铜印","中国国家博物馆","guobo","宋;金","https://www.chnmuseum.cn/zp/zpml/201812/t20181218_26081.shtml","https://www.chnmuseum.cn/zp/zpml/index_18.shtml","2026-10-04T07:17:01.952Z","c8cf1404fa108207c585bab6779653d95e206fa4ad65e2bb67383da523b00e85","81e514c328a086405b18.html","","candidate-detail-unread","unknown","独立官网详情记录；同名藏品仍需核对编号或出土地点，不同URL不等于不同实物"
"乾祐元宝","中国国家博物馆","guobo","宋;西夏","https://www.chnmuseum.cn/zp/zpml/201812/t20181218_26073.shtml","https://www.chnmuseum.cn/zp/zpml/index_18.shtml","2026-10-04T07:17:01.952Z","c8cf1404fa108207c585bab6779653d95e206fa4ad65e2bb67383da523b00e85","81e514c328a086405b18.html","","candidate-detail-unread","unknown","独立官网详情记录；同名藏品仍需核对编号或出土地点，不同URL不等于不同实物"
"凸雕莲瓣纹白瓷执壶","中国国家博物馆","guobo","","https://www.chnmuseum.cn/zp/zpml/201812/t20181218_26072.shtml","https://www.chnmuseum.cn/zp/zpml/index_18.shtml","2026-10-04T07:17:01.952Z","c8cf1404fa108207c585bab6779653d95e206fa4ad65e2bb67383da523b00e85","81e514c328a086405b18.html","","candidate-detail-unread","unknown","独立官网详情记录；同名藏品仍需核对编号或出土地点，不同URL不等于不同实物"
"玳瑁釉瓷枕","中国国家博物馆","guobo","","https://www.chnmuseum.cn/zp/zpml/201812/t20181218_26070.shtml","https://www.chnmuseum.cn/zp/zpml/index_18.shtml","2026-10-04T07:17:01.952Z","c8cf1404fa108207c585bab6779653d95e206fa4ad65e2bb67383da523b00e85","81e514c328a086405b18.html","","candidate-detail-unread","unknown","独立官网详情记录；同名藏品仍需核对编号或出土地点，不同URL不等于不同实物"
"黄釉长颈瓷瓶","中国国家博物馆","guobo","","https://www.chnmuseum.cn/zp/zpml/201812/t20181218_26067.shtml","https://www.chnmuseum.cn/zp/zpml/index_18.shtml","2026-10-04T07:17:01.952Z","c8cf1404fa108207c585bab6779653d95e206fa4ad65e2bb67383da523b00e85","81e514c328a086405b18.html","","candidate-detail-unread","unknown","独立官网详情记录；同名藏品仍需核对编号或出土地点，不同URL不等于不同实物"
"三彩印花牡丹纹圆盘","中国国家博物馆","guobo","","https://www.chnmuseum.cn/zp/zpml/201812/t20181218_26066.shtml","https://www.chnmuseum.cn/zp/zpml/index_18.shtml","2026-10-04T07:17:01.952Z","c8cf1404fa108207c585bab6779653d95e206fa4ad65e2bb67383da523b00e85","81e514c328a086405b18.html","","candidate-detail-unread","unknown","独立官网详情记录；同名藏品仍需核对编号或出土地点，不同URL不等于不同实物"
"大康通宝","中国国家博物馆","guobo","","https://www.chnmuseum.cn/zp/zpml/201812/t20181218_26058.shtml","https://www.chnmuseum.cn/zp/zpml/index_18.shtml","2026-10-04T07:17:01.952Z","c8cf1404fa108207c585bab6779653d95e206fa4ad65e2bb67383da523b00e85","81e514c328a086405b18.html","","candidate-detail-unread","unknown","独立官网详情记录；同名藏品仍需核对编号或出土地点，不同URL不等于不同实物"
"北宋铜钱、铁钱","中国国家博物馆","guobo","","https://www.chnmuseum.cn/zp/zpml/201812/t20181218_26054.shtml","https://www.chnmuseum.cn/zp/zpml/index_18.shtml","2026-10-04T07:17:01.952Z","c8cf1404fa108207c585bab6779653d95e206fa4ad65e2bb67383da523b00e85","81e514c328a086405b18.html","","candidate-detail-unread","unknown","独立官网详情记录；同名藏品仍需核对编号或出土地点，不同URL不等于不同实物"
"“神卫左第四军第二指挥第五都记”铜印","中国国家博物馆","guobo","","https://www.chnmuseum.cn/zp/zpml/201812/t20181218_26050.shtml","https://www.chnmuseum.cn/zp/zpml/index_19.shtml","2026-10-04T07:17:02.181Z","9811dd7c040ceae104cd8ae0955764fc5c95806d7bf483e03d79874356fb7ff7","266099bda52b81aa2948.html","","candidate-detail-unread","unknown","独立官网详情记录；同名藏品仍需核对编号或出土地点，不同URL不等于不同实物"
"渣斗","中国国家博物馆","guobo","五代十国;五代","https://www.chnmuseum.cn/zp/zpml/201812/t20181218_26048.shtml","https://www.chnmuseum.cn/zp/zpml/index_19.shtml","2026-10-04T07:17:02.181Z","9811dd7c040ceae104cd8ae0955764fc5c95806d7bf483e03d79874356fb7ff7","266099bda52b81aa2948.html","","candidate-detail-unread","unknown","独立官网详情记录；同名藏品仍需核对编号或出土地点，不同URL不等于不同实物"
"茶臼","中国国家博物馆","guobo","五代十国;五代","https://www.chnmuseum.cn/zp/zpml/201812/t20181218_26047.shtml","https://www.chnmuseum.cn/zp/zpml/index_19.shtml","2026-10-04T07:17:02.181Z","9811dd7c040ceae104cd8ae0955764fc5c95806d7bf483e03d79874356fb7ff7","266099bda52b81aa2948.html","","candidate-detail-unread","unknown","独立官网详情记录；同名藏品仍需核对编号或出土地点，不同URL不等于不同实物"
"茶瓶","中国国家博物馆","guobo","五代十国;五代","https://www.chnmuseum.cn/zp/zpml/201812/t20181218_26046.shtml","https://www.chnmuseum.cn/zp/zpml/index_19.shtml","2026-10-04T07:17:02.181Z","9811dd7c040ceae104cd8ae0955764fc5c95806d7bf483e03d79874356fb7ff7","266099bda52b81aa2948.html","","candidate-detail-unread","unknown","独立官网详情记录；同名藏品仍需核对编号或出土地点，不同URL不等于不同实物"
"风炉、茶鍑","中国国家博物馆","guobo","五代十国;五代","https://www.chnmuseum.cn/zp/zpml/201812/t20181218_26045.shtml","https://www.chnmuseum.cn/zp/zpml/index_19.shtml","2026-10-04T07:17:02.181Z","9811dd7c040ceae104cd8ae0955764fc5c95806d7bf483e03d79874356fb7ff7","266099bda52b81aa2948.html","","candidate-detail-unread","unknown","独立官网详情记录；同名藏品仍需核对编号或出土地点，不同URL不等于不同实物"
"大型牛骨刻辞","中国国家博物馆","guobo","","https://www.chnmuseum.cn/zp/zpml/201812/t20181218_26026.shtml","https://www.chnmuseum.cn/zp/zpml/index_19.shtml","2026-10-04T07:17:02.181Z","9811dd7c040ceae104cd8ae0955764fc5c95806d7bf483e03d79874356fb7ff7","266099bda52b81aa2948.html","","candidate-detail-unread","unknown","独立官网详情记录；同名藏品仍需核对编号或出土地点，不同URL不等于不同实物"
"卜骨","中国国家博物馆","guobo","商","https://www.chnmuseum.cn/zp/zpml/201812/t20181218_26025.shtml","https://www.chnmuseum.cn/zp/zpml/index_19.shtml","2026-10-04T07:17:02.181Z","9811dd7c040ceae104cd8ae0955764fc5c95806d7bf483e03d79874356fb7ff7","266099bda52b81aa2948.html","","candidate-detail-unread","unknown","独立官网详情记录；同名藏品仍需核对编号或出土地点，不同URL不等于不同实物"
"葵口浅底白瓷碗","中国国家博物馆","guobo","唐","https://www.chnmuseum.cn/zp/zpml/201812/t20181218_25960.shtml","https://www.chnmuseum.cn/zp/zpml/index_19.shtml","2026-10-04T07:17:02.181Z","9811dd7c040ceae104cd8ae0955764fc5c95806d7bf483e03d79874356fb7ff7","266099bda52b81aa2948.html","","candidate-detail-unread","unknown","独立官网详情记录；同名藏品仍需核对编号或出土地点，不同URL不等于不同实物"
"青瓷羊圈","中国国家博物馆","guobo","","https://www.chnmuseum.cn/zp/zpml/201812/t20181218_25899.shtml","https://www.chnmuseum.cn/zp/zpml/index_19.shtml","2026-10-04T07:17:02.181Z","9811dd7c040ceae104cd8ae0955764fc5c95806d7bf483e03d79874356fb7ff7","266099bda52b81aa2948.html","","candidate-detail-unread","unknown","独立官网详情记录；同名藏品仍需核对编号或出土地点，不同URL不等于不同实物"
"《莺莺传》","中国国家博物馆","guobo","","https://www.chnmuseum.cn/zp/zpml/201812/t20181218_25889.shtml","https://www.chnmuseum.cn/zp/zpml/index_19.shtml","2026-10-04T07:17:02.181Z","9811dd7c040ceae104cd8ae0955764fc5c95806d7bf483e03d79874356fb7ff7","266099bda52b81aa2948.html","","candidate-detail-unread","unknown","独立官网详情记录；同名藏品仍需核对编号或出土地点，不同URL不等于不同实物"
"《淳于棼》","中国国家博物馆","guobo","","https://www.chnmuseum.cn/zp/zpml/201812/t20181218_25887.shtml","https://www.chnmuseum.cn/zp/zpml/index_19.shtml","2026-10-04T07:17:02.181Z","9811dd7c040ceae104cd8ae0955764fc5c95806d7bf483e03d79874356fb7ff7","266099bda52b81aa2948.html","","candidate-detail-unread","unknown","独立官网详情记录；同名藏品仍需核对编号或出土地点，不同URL不等于不同实物"
"《南海寄归内法传》","中国国家博物馆","guobo","","https://www.chnmuseum.cn/zp/zpml/201812/t20181218_25876.shtml","https://www.chnmuseum.cn/zp/zpml/index_19.shtml","2026-10-04T07:17:02.181Z","9811dd7c040ceae104cd8ae0955764fc5c95806d7bf483e03d79874356fb7ff7","266099bda52b81aa2948.html","","candidate-detail-unread","unknown","独立官网详情记录；同名藏品仍需核对编号或出土地点，不同URL不等于不同实物"
"《大唐西域记》写本","中国国家博物馆","guobo","","https://www.chnmuseum.cn/zp/zpml/201812/t20181218_25871.shtml","https://www.chnmuseum.cn/zp/zpml/index_20.shtml","2026-10-04T07:17:02.385Z","a3573c26f05d8e3dc55ec98de098415c425350ad71ac3ca2104bb76febde981c","ec8c2c5e580732a80b39.html","","candidate-detail-unread","unknown","独立官网详情记录；同名藏品仍需核对编号或出土地点，不同URL不等于不同实物"
"针灸画像石拓片局部","中国国家博物馆","guobo","汉;东汉","https://www.chnmuseum.cn/zp/zpml/201812/t20181218_25860.shtml","https://www.chnmuseum.cn/zp/zpml/index_20.shtml","2026-10-04T07:17:02.385Z","a3573c26f05d8e3dc55ec98de098415c425350ad71ac3ca2104bb76febde981c","ec8c2c5e580732a80b39.html","","candidate-detail-unread","unknown","独立官网详情记录；同名藏品仍需核对编号或出土地点，不同URL不等于不同实物"
"中华民国临时参议院","中国国家博物馆","guobo","","https://www.chnmuseum.cn/zp/zpml/201812/t20181218_25821.shtml","https://www.chnmuseum.cn/zp/zpml/index_20.shtml","2026-10-04T07:17:02.385Z","a3573c26f05d8e3dc55ec98de098415c425350ad71ac3ca2104bb76febde981c","ec8c2c5e580732a80b39.html","","candidate-detail-unread","unknown","独立官网详情记录；同名藏品仍需核对编号或出土地点，不同URL不等于不同实物"
"中华民国第一次国民代表会议","中国国家博物馆","guobo","","https://www.chnmuseum.cn/zp/zpml/201812/t20181218_25820.shtml","https://www.chnmuseum.cn/zp/zpml/index_20.shtml","2026-10-04T07:17:02.385Z","a3573c26f05d8e3dc55ec98de098415c425350ad71ac3ca2104bb76febde981c","ec8c2c5e580732a80b39.html","","candidate-detail-unread","unknown","独立官网详情记录；同名藏品仍需核对编号或出土地点，不同URL不等于不同实物"
"临时大总统誓词","中国国家博物馆","guobo","","https://www.chnmuseum.cn/zp/zpml/201812/t20181218_25819.shtml","https://www.chnmuseum.cn/zp/zpml/index_20.shtml","2026-10-04T07:17:02.385Z","a3573c26f05d8e3dc55ec98de098415c425350ad71ac3ca2104bb76febde981c","ec8c2c5e580732a80b39.html","","candidate-detail-unread","unknown","独立官网详情记录；同名藏品仍需核对编号或出土地点，不同URL不等于不同实物"
"孙中山像","中国国家博物馆","guobo","","https://www.chnmuseum.cn/zp/zpml/201812/t20181218_25818.shtml","https://www.chnmuseum.cn/zp/zpml/index_20.shtml","2026-10-04T07:17:02.385Z","a3573c26f05d8e3dc55ec98de098415c425350ad71ac3ca2104bb76febde981c","ec8c2c5e580732a80b39.html","","candidate-detail-unread","unknown","独立官网详情记录；同名藏品仍需核对编号或出土地点，不同URL不等于不同实物"
"汉口民军炮队之攻击","中国国家博物馆","guobo","","https://www.chnmuseum.cn/zp/zpml/201812/t20181218_25817.shtml","https://www.chnmuseum.cn/zp/zpml/index_20.shtml","2026-10-04T07:17:02.385Z","a3573c26f05d8e3dc55ec98de098415c425350ad71ac3ca2104bb76febde981c","ec8c2c5e580732a80b39.html","","candidate-detail-unread","unknown","独立官网详情记录；同名藏品仍需核对编号或出土地点，不同URL不等于不同实物"
"黄花岗起义战士","中国国家博物馆","guobo","","https://www.chnmuseum.cn/zp/zpml/201812/t20181218_25815.shtml","https://www.chnmuseum.cn/zp/zpml/index_20.shtml","2026-10-04T07:17:02.385Z","a3573c26f05d8e3dc55ec98de098415c425350ad71ac3ca2104bb76febde981c","ec8c2c5e580732a80b39.html","","candidate-detail-unread","unknown","独立官网详情记录；同名藏品仍需核对编号或出土地点，不同URL不等于不同实物"
"上海英美公共租界南京路","中国国家博物馆","guobo","","https://www.chnmuseum.cn/zp/zpml/201812/t20181218_25812.shtml","https://www.chnmuseum.cn/zp/zpml/index_20.shtml","2026-10-04T07:17:02.385Z","a3573c26f05d8e3dc55ec98de098415c425350ad71ac3ca2104bb76febde981c","ec8c2c5e580732a80b39.html","","candidate-detail-unread","unknown","独立官网详情记录；同名藏品仍需核对编号或出土地点，不同URL不等于不同实物"
"邓世昌像","中国国家博物馆","guobo","清","https://www.chnmuseum.cn/zp/zpml/201812/t20181218_25811.shtml","https://www.chnmuseum.cn/zp/zpml/index_20.shtml","2026-10-04T07:17:02.385Z","a3573c26f05d8e3dc55ec98de098415c425350ad71ac3ca2104bb76febde981c","ec8c2c5e580732a80b39.html","","candidate-detail-unread","unknown","独立官网详情记录；同名藏品仍需核对编号或出土地点，不同URL不等于不同实物"
"鸦片烟具","中国国家博物馆","guobo","","https://www.chnmuseum.cn/zp/zpml/201812/t20181218_25802.shtml","https://www.chnmuseum.cn/zp/zpml/index_20.shtml","2026-10-04T07:17:02.385Z","a3573c26f05d8e3dc55ec98de098415c425350ad71ac3ca2104bb76febde981c","ec8c2c5e580732a80b39.html","","candidate-detail-unread","unknown","独立官网详情记录；同名藏品仍需核对编号或出土地点，不同URL不等于不同实物"
"《芙蓉鸭图》轴","中国国家博物馆","guobo","清","https://www.chnmuseum.cn/zp/zpml/201812/t20181218_25790.shtml","https://www.chnmuseum.cn/zp/zpml/index_20.shtml","2026-10-04T07:17:02.385Z","a3573c26f05d8e3dc55ec98de098415c425350ad71ac3ca2104bb76febde981c","ec8c2c5e580732a80b39.html","","candidate-detail-unread","unknown","独立官网详情记录；同名藏品仍需核对编号或出土地点，不同URL不等于不同实物"
"“桂序昇平”年画","中国国家博物馆","guobo","清","https://www.chnmuseum.cn/zp/zpml/201812/t20181218_25789.shtml","https://www.chnmuseum.cn/zp/zpml/index_21.shtml","2026-10-04T07:17:02.595Z","43f304059257641e12593f2dabeac58edc1af073be8927ce569b63b9f1c040c4","cd22170a47ad4d7e41d2.html","","candidate-detail-unread","unknown","独立官网详情记录；同名藏品仍需核对编号或出土地点，不同URL不等于不同实物"
"雕孔雀端砚","中国国家博物馆","guobo","","https://www.chnmuseum.cn/zp/zpml/201812/t20181218_25787.shtml","https://www.chnmuseum.cn/zp/zpml/index_21.shtml","2026-10-04T07:17:02.595Z","43f304059257641e12593f2dabeac58edc1af073be8927ce569b63b9f1c040c4","cd22170a47ad4d7e41d2.html","","candidate-detail-unread","unknown","独立官网详情记录；同名藏品仍需核对编号或出土地点，不同URL不等于不同实物"
"粉白地双龙戏珠暗花宣纸","中国国家博物馆","guobo","","https://www.chnmuseum.cn/zp/zpml/201812/t20181218_25784.shtml","https://www.chnmuseum.cn/zp/zpml/index_21.shtml","2026-10-04T07:17:02.595Z","43f304059257641e12593f2dabeac58edc1af073be8927ce569b63b9f1c040c4","cd22170a47ad4d7e41d2.html","","candidate-detail-unread","unknown","独立官网详情记录；同名藏品仍需核对编号或出土地点，不同URL不等于不同实物"
"乾隆文溯阁墨","中国国家博物馆","guobo","","https://www.chnmuseum.cn/zp/zpml/201812/t20181218_25782.shtml","https://www.chnmuseum.cn/zp/zpml/index_21.shtml","2026-10-04T07:17:02.595Z","43f304059257641e12593f2dabeac58edc1af073be8927ce569b63b9f1c040c4","cd22170a47ad4d7e41d2.html","","candidate-detail-unread","unknown","独立官网详情记录；同名藏品仍需核对编号或出土地点，不同URL不等于不同实物"
"粉彩描金云龙纹瓷管笔","中国国家博物馆","guobo","","https://www.chnmuseum.cn/zp/zpml/201812/t20181218_25759.shtml","https://www.chnmuseum.cn/zp/zpml/index_21.shtml","2026-10-04T07:17:02.595Z","43f304059257641e12593f2dabeac58edc1af073be8927ce569b63b9f1c040c4","cd22170a47ad4d7e41d2.html","","candidate-detail-unread","unknown","独立官网详情记录；同名藏品仍需核对编号或出土地点，不同URL不等于不同实物"
"牛耕画像石拓片局部","中国国家博物馆","guobo","","https://www.chnmuseum.cn/zp/zpml/201812/t20181218_25748.shtml","https://www.chnmuseum.cn/zp/zpml/index_21.shtml","2026-10-04T07:17:02.595Z","43f304059257641e12593f2dabeac58edc1af073be8927ce569b63b9f1c040c4","cd22170a47ad4d7e41d2.html","","candidate-detail-unread","unknown","独立官网详情记录；同名藏品仍需核对编号或出土地点，不同URL不等于不同实物"
"竹雕五鬼闹判花筒","中国国家博物馆","guobo","","https://www.chnmuseum.cn/zp/zpml/201812/t20181218_25741.shtml","https://www.chnmuseum.cn/zp/zpml/index_21.shtml","2026-10-04T07:17:02.595Z","43f304059257641e12593f2dabeac58edc1af073be8927ce569b63b9f1c040c4","cd22170a47ad4d7e41d2.html","","candidate-detail-unread","unknown","独立官网详情记录；同名藏品仍需核对编号或出土地点，不同URL不等于不同实物"
"苏谅妻马氏墓志拓片","中国国家博物馆","guobo","","https://www.chnmuseum.cn/zp/zpml/201812/t20181218_25729.shtml","https://www.chnmuseum.cn/zp/zpml/index_21.shtml","2026-10-04T07:17:02.595Z","43f304059257641e12593f2dabeac58edc1af073be8927ce569b63b9f1c040c4","cd22170a47ad4d7e41d2.html","","candidate-detail-unread","unknown","独立官网详情记录；同名藏品仍需核对编号或出土地点，不同URL不等于不同实物"
"《骠国乐》","中国国家博物馆","guobo","明","https://www.chnmuseum.cn/zp/zpml/201812/t20181218_25725.shtml","https://www.chnmuseum.cn/zp/zpml/index_21.shtml","2026-10-04T07:17:02.595Z","43f304059257641e12593f2dabeac58edc1af073be8927ce569b63b9f1c040c4","cd22170a47ad4d7e41d2.html","","candidate-detail-unread","unknown","独立官网详情记录；同名藏品仍需核对编号或出土地点，不同URL不等于不同实物"
"“大泉五十”陶范","中国国家博物馆","guobo","","https://www.chnmuseum.cn/zp/zpml/201812/t20181218_25698.shtml","https://www.chnmuseum.cn/zp/zpml/index_21.shtml","2026-10-04T07:17:02.595Z","43f304059257641e12593f2dabeac58edc1af073be8927ce569b63b9f1c040c4","cd22170a47ad4d7e41d2.html","","candidate-detail-unread","unknown","独立官网详情记录；同名藏品仍需核对编号或出土地点，不同URL不等于不同实物"
"“大布黄千”铜母范","中国国家博物馆","guobo","","https://www.chnmuseum.cn/zp/zpml/201812/t20181218_25696.shtml","https://www.chnmuseum.cn/zp/zpml/index_21.shtml","2026-10-04T07:17:02.595Z","43f304059257641e12593f2dabeac58edc1af073be8927ce569b63b9f1c040c4","cd22170a47ad4d7e41d2.html","","candidate-detail-unread","unknown","独立官网详情记录；同名藏品仍需核对编号或出土地点，不同URL不等于不同实物"
"“国宝金匮直万”铜钱","中国国家博物馆","guobo","","https://www.chnmuseum.cn/zp/zpml/201812/t20181218_25694.shtml","https://www.chnmuseum.cn/zp/zpml/index_21.shtml","2026-10-04T07:17:02.595Z","43f304059257641e12593f2dabeac58edc1af073be8927ce569b63b9f1c040c4","cd22170a47ad4d7e41d2.html","","candidate-detail-unread","unknown","独立官网详情记录；同名藏品仍需核对编号或出土地点，不同URL不等于不同实物"
"齐彦槐制天球仪","中国国家博物馆","guobo","清","https://www.chnmuseum.cn/zp/zpml/201812/t20181218_25675.shtml","https://www.chnmuseum.cn/zp/zpml/index_22.shtml","2026-10-04T07:17:02.807Z","0a29c9f47e225a6cb7342689e830d620c2c04876927baaf3e39dee0e347b5fb6","68ff4dbc62a385d659c4.html","","candidate-detail-unread","unknown","独立官网详情记录；同名藏品仍需核对编号或出土地点，不同URL不等于不同实物"
"“永源成记”青花人物碗","中国国家博物馆","guobo","","https://www.chnmuseum.cn/zp/zpml/201812/t20181218_25671.shtml","https://www.chnmuseum.cn/zp/zpml/index_22.shtml","2026-10-04T07:17:02.807Z","0a29c9f47e225a6cb7342689e830d620c2c04876927baaf3e39dee0e347b5fb6","68ff4dbc62a385d659c4.html","","candidate-detail-unread","unknown","独立官网详情记录；同名藏品仍需核对编号或出土地点，不同URL不等于不同实物"
"青花楼阁圆盘","中国国家博物馆","guobo","","https://www.chnmuseum.cn/zp/zpml/201812/t20181218_25670.shtml","https://www.chnmuseum.cn/zp/zpml/index_22.shtml","2026-10-04T07:17:02.807Z","0a29c9f47e225a6cb7342689e830d620c2c04876927baaf3e39dee0e347b5fb6","68ff4dbc62a385d659c4.html","","candidate-detail-unread","unknown","独立官网详情记录；同名藏品仍需核对编号或出土地点，不同URL不等于不同实物"
"黑漆描金山水大笔筒","中国国家博物馆","guobo","","https://www.chnmuseum.cn/zp/zpml/201812/t20181218_25639.shtml","https://www.chnmuseum.cn/zp/zpml/index_22.shtml","2026-10-04T07:17:02.807Z","0a29c9f47e225a6cb7342689e830d620c2c04876927baaf3e39dee0e347b5fb6","68ff4dbc62a385d659c4.html","","candidate-detail-unread","unknown","独立官网详情记录；同名藏品仍需核对编号或出土地点，不同URL不等于不同实物"
"朝鲜青花云龙瓶","中国国家博物馆","guobo","","https://www.chnmuseum.cn/zp/zpml/201812/t20181218_25638.shtml","https://www.chnmuseum.cn/zp/zpml/index_22.shtml","2026-10-04T07:17:02.807Z","0a29c9f47e225a6cb7342689e830d620c2c04876927baaf3e39dee0e347b5fb6","68ff4dbc62a385d659c4.html","","candidate-detail-unread","unknown","独立官网详情记录；同名藏品仍需核对编号或出土地点，不同URL不等于不同实物"
"“普济质店”幌子","中国国家博物馆","guobo","清","https://www.chnmuseum.cn/zp/zpml/201812/t20181218_25634.shtml","https://www.chnmuseum.cn/zp/zpml/index_22.shtml","2026-10-04T07:17:02.807Z","0a29c9f47e225a6cb7342689e830d620c2c04876927baaf3e39dee0e347b5fb6","68ff4dbc62a385d659c4.html","","candidate-detail-unread","unknown","独立官网详情记录；同名藏品仍需核对编号或出土地点，不同URL不等于不同实物"
"前门街市图","中国国家博物馆","guobo","","https://www.chnmuseum.cn/zp/zpml/201812/t20181218_25633.shtml","https://www.chnmuseum.cn/zp/zpml/index_22.shtml","2026-10-04T07:17:02.807Z","0a29c9f47e225a6cb7342689e830d620c2c04876927baaf3e39dee0e347b5fb6","68ff4dbc62a385d659c4.html","","candidate-detail-unread","unknown","独立官网详情记录；同名藏品仍需核对编号或出土地点，不同URL不等于不同实物"
"雍正斗彩海水江山团花天球瓶","中国国家博物馆","guobo","","https://www.chnmuseum.cn/zp/zpml/201812/t20181218_25630.shtml","https://www.chnmuseum.cn/zp/zpml/index_22.shtml","2026-10-04T07:17:02.807Z","0a29c9f47e225a6cb7342689e830d620c2c04876927baaf3e39dee0e347b5fb6","68ff4dbc62a385d659c4.html","","candidate-detail-unread","unknown","独立官网详情记录；同名藏品仍需核对编号或出土地点，不同URL不等于不同实物"
"鎏银花卉用尺","中国国家博物馆","guobo","","https://www.chnmuseum.cn/zp/zpml/201812/t20181218_25629.shtml","https://www.chnmuseum.cn/zp/zpml/index_22.shtml","2026-10-04T07:17:02.807Z","0a29c9f47e225a6cb7342689e830d620c2c04876927baaf3e39dee0e347b5fb6","68ff4dbc62a385d659c4.html","","candidate-detail-unread","unknown","独立官网详情记录；同名藏品仍需核对编号或出土地点，不同URL不等于不同实物"
"松石绿梅瓶","中国国家博物馆","guobo","","https://www.chnmuseum.cn/zp/zpml/201812/t20181218_25628.shtml","https://www.chnmuseum.cn/zp/zpml/index_22.shtml","2026-10-04T07:17:02.807Z","0a29c9f47e225a6cb7342689e830d620c2c04876927baaf3e39dee0e347b5fb6","68ff4dbc62a385d659c4.html","","candidate-detail-unread","unknown","独立官网详情记录；同名藏品仍需核对编号或出土地点，不同URL不等于不同实物"
"乾封泉宝、乾元重宝、大历元宝、建中通宝、会昌开元","中国国家博物馆","guobo","","https://www.chnmuseum.cn/zp/zpml/201812/t20181218_25624.shtml","https://www.chnmuseum.cn/zp/zpml/index_22.shtml","2026-10-04T07:17:02.807Z","0a29c9f47e225a6cb7342689e830d620c2c04876927baaf3e39dee0e347b5fb6","68ff4dbc62a385d659c4.html","","candidate-detail-unread","unknown","独立官网详情记录；同名藏品仍需核对编号或出土地点，不同URL不等于不同实物"
"仿宋官窑兽耳瓶","中国国家博物馆","guobo","","https://www.chnmuseum.cn/zp/zpml/201812/t20181218_25621.shtml","https://www.chnmuseum.cn/zp/zpml/index_22.shtml","2026-10-04T07:17:02.807Z","0a29c9f47e225a6cb7342689e830d620c2c04876927baaf3e39dee0e347b5fb6","68ff4dbc62a385d659c4.html","","candidate-detail-unread","unknown","独立官网详情记录；同名藏品仍需核对编号或出土地点，不同URL不等于不同实物"
"开元通宝","中国国家博物馆","guobo","唐","https://www.chnmuseum.cn/zp/zpml/201812/t20181218_25620.shtml","https://www.chnmuseum.cn/zp/zpml/index_23.shtml","2026-10-04T07:17:03.009Z","057c3d8bfe8047174c1e5712baac4d49050b49966cef04831c1d2cb5e74ea89c","997221c2a94f73586582.html","","candidate-detail-unread","unknown","独立官网详情记录；同名藏品仍需核对编号或出土地点，不同URL不等于不同实物"
"五铢钱铜范","中国国家博物馆","guobo","","https://www.chnmuseum.cn/zp/zpml/201812/t20181218_25608.shtml","https://www.chnmuseum.cn/zp/zpml/index_23.shtml","2026-10-04T07:17:03.009Z","057c3d8bfe8047174c1e5712baac4d49050b49966cef04831c1d2cb5e74ea89c","997221c2a94f73586582.html","","candidate-detail-unread","unknown","独立官网详情记录；同名藏品仍需核对编号或出土地点，不同URL不等于不同实物"
"乾隆年云南“布政使司颁发遵照”","中国国家博物馆","guobo","清","https://www.chnmuseum.cn/zp/zpml/201812/t20181218_25606.shtml","https://www.chnmuseum.cn/zp/zpml/index_23.shtml","2026-10-04T07:17:03.009Z","057c3d8bfe8047174c1e5712baac4d49050b49966cef04831c1d2cb5e74ea89c","997221c2a94f73586582.html","","candidate-detail-unread","unknown","独立官网详情记录；同名藏品仍需核对编号或出土地点，不同URL不等于不同实物"
"高山族人形柄木匙","中国国家博物馆","guobo","","https://www.chnmuseum.cn/zp/zpml/201812/t20181218_25604.shtml","https://www.chnmuseum.cn/zp/zpml/index_23.shtml","2026-10-04T07:17:03.009Z","057c3d8bfe8047174c1e5712baac4d49050b49966cef04831c1d2cb5e74ea89c","997221c2a94f73586582.html","","candidate-detail-unread","unknown","独立官网详情记录；同名藏品仍需核对编号或出土地点，不同URL不等于不同实物"
"乾隆粉彩多穆壶","中国国家博物馆","guobo","","https://www.chnmuseum.cn/zp/zpml/201812/t20181218_25601.shtml","https://www.chnmuseum.cn/zp/zpml/index_23.shtml","2026-10-04T07:17:03.009Z","057c3d8bfe8047174c1e5712baac4d49050b49966cef04831c1d2cb5e74ea89c","997221c2a94f73586582.html","","candidate-detail-unread","unknown","独立官网详情记录；同名藏品仍需核对编号或出土地点，不同URL不等于不同实物"
"《皇清职贡图》卷","中国国家博物馆","guobo","清","https://www.chnmuseum.cn/zp/zpml/201812/t20181218_25600.shtml","https://www.chnmuseum.cn/zp/zpml/index_23.shtml","2026-10-04T07:17:03.009Z","057c3d8bfe8047174c1e5712baac4d49050b49966cef04831c1d2cb5e74ea89c","997221c2a94f73586582.html","","candidate-detail-unread","unknown","独立官网详情记录；同名藏品仍需核对编号或出土地点，不同URL不等于不同实物"
"康熙封阿望丹进为静觉寺国师敕谕","中国国家博物馆","guobo","","https://www.chnmuseum.cn/zp/zpml/201812/t20181218_25587.shtml","https://www.chnmuseum.cn/zp/zpml/index_23.shtml","2026-10-04T07:17:03.009Z","057c3d8bfe8047174c1e5712baac4d49050b49966cef04831c1d2cb5e74ea89c","997221c2a94f73586582.html","","candidate-detail-unread","unknown","独立官网详情记录；同名藏品仍需核对编号或出土地点，不同URL不等于不同实物"
"敕封第七辈班禅额尔德尼金册(复制品)","中国国家博物馆","guobo","","https://www.chnmuseum.cn/zp/zpml/201812/t20181218_25586.shtml","https://www.chnmuseum.cn/zp/zpml/index_23.shtml","2026-10-04T07:17:03.009Z","057c3d8bfe8047174c1e5712baac4d49050b49966cef04831c1d2cb5e74ea89c","997221c2a94f73586582.html","","candidate-detail-unread","unknown","独立官网详情记录；同名藏品仍需核对编号或出土地点，不同URL不等于不同实物"
"小半两铜钱","中国国家博物馆","guobo","","https://www.chnmuseum.cn/zp/zpml/201812/t20181218_25547.shtml","https://www.chnmuseum.cn/zp/zpml/index_23.shtml","2026-10-04T07:17:03.009Z","057c3d8bfe8047174c1e5712baac4d49050b49966cef04831c1d2cb5e74ea89c","997221c2a94f73586582.html","","candidate-detail-unread","unknown","独立官网详情记录；同名藏品仍需核对编号或出土地点，不同URL不等于不同实物"
"黑釉蓝斑瓷罐","中国国家博物馆","guobo","","https://www.chnmuseum.cn/zp/zpml/201812/t20181218_25501.shtml","https://www.chnmuseum.cn/zp/zpml/index_23.shtml","2026-10-04T07:17:03.009Z","057c3d8bfe8047174c1e5712baac4d49050b49966cef04831c1d2cb5e74ea89c","997221c2a94f73586582.html","","candidate-detail-unread","unknown","独立官网详情记录；同名藏品仍需核对编号或出土地点，不同URL不等于不同实物"
"寿州窑瓷汤瓶","中国国家博物馆","guobo","","https://www.chnmuseum.cn/zp/zpml/201812/t20181218_25499.shtml","https://www.chnmuseum.cn/zp/zpml/index_23.shtml","2026-10-04T07:17:03.009Z","057c3d8bfe8047174c1e5712baac4d49050b49966cef04831c1d2cb5e74ea89c","997221c2a94f73586582.html","","candidate-detail-unread","unknown","独立官网详情记录；同名藏品仍需核对编号或出土地点，不同URL不等于不同实物"
"五世达赖金印(复制品)","中国国家博物馆","guobo","","https://www.chnmuseum.cn/zp/zpml/201812/t20181218_25489.shtml","https://www.chnmuseum.cn/zp/zpml/index_23.shtml","2026-10-04T07:17:03.009Z","057c3d8bfe8047174c1e5712baac4d49050b49966cef04831c1d2cb5e74ea89c","997221c2a94f73586582.html","","candidate-detail-unread","unknown","独立官网详情记录；同名藏品仍需核对编号或出土地点，不同URL不等于不同实物"
"泰山刻石残字册页","中国国家博物馆","guobo","","https://www.chnmuseum.cn/zp/zpml/201812/t20181218_25487.shtml","https://www.chnmuseum.cn/zp/zpml/index_24.shtml","2026-10-04T07:17:03.211Z","34f7c37bd3dfab5b330cb460c5958255cf73c28d05ab459824cf0f003fe6d354","85dae32c4f609494a97b.html","","candidate-detail-unread","unknown","独立官网详情记录；同名藏品仍需核对编号或出土地点，不同URL不等于不同实物"
"赫哲族图","中国国家博物馆","guobo","","https://www.chnmuseum.cn/zp/zpml/201812/t20181218_25470.shtml","https://www.chnmuseum.cn/zp/zpml/index_24.shtml","2026-10-04T07:17:03.211Z","34f7c37bd3dfab5b330cb460c5958255cf73c28d05ab459824cf0f003fe6d354","85dae32c4f609494a97b.html","","candidate-detail-unread","unknown","独立官网详情记录；同名藏品仍需核对编号或出土地点，不同URL不等于不同实物"
"军用“国姓瓶”","中国国家博物馆","guobo","清","https://www.chnmuseum.cn/zp/zpml/201812/t20181218_25468.shtml","https://www.chnmuseum.cn/zp/zpml/index_24.shtml","2026-10-04T07:17:03.211Z","34f7c37bd3dfab5b330cb460c5958255cf73c28d05ab459824cf0f003fe6d354","85dae32c4f609494a97b.html","","candidate-detail-unread","unknown","独立官网详情记录；同名藏品仍需核对编号或出土地点，不同URL不等于不同实物"
"各旗佐领图印","中国国家博物馆","guobo","","https://www.chnmuseum.cn/zp/zpml/201812/t20181218_25450.shtml","https://www.chnmuseum.cn/zp/zpml/index_24.shtml","2026-10-04T07:17:03.211Z","34f7c37bd3dfab5b330cb460c5958255cf73c28d05ab459824cf0f003fe6d354","85dae32c4f609494a97b.html","","candidate-detail-unread","unknown","独立官网详情记录；同名藏品仍需核对编号或出土地点，不同URL不等于不同实物"
"高转筒车图","中国国家博物馆","guobo","","https://www.chnmuseum.cn/zp/zpml/201812/t20181218_25445.shtml","https://www.chnmuseum.cn/zp/zpml/index_24.shtml","2026-10-04T07:17:03.211Z","34f7c37bd3dfab5b330cb460c5958255cf73c28d05ab459824cf0f003fe6d354","85dae32c4f609494a97b.html","","candidate-detail-unread","unknown","独立官网详情记录；同名藏品仍需核对编号或出土地点，不同URL不等于不同实物"
"“骁右营总兵关防”铜印","中国国家博物馆","guobo","","https://www.chnmuseum.cn/zp/zpml/201812/t20181218_25444.shtml","https://www.chnmuseum.cn/zp/zpml/index_24.shtml","2026-10-04T07:17:03.211Z","34f7c37bd3dfab5b330cb460c5958255cf73c28d05ab459824cf0f003fe6d354","85dae32c4f609494a97b.html","","candidate-detail-unread","unknown","独立官网详情记录；同名藏品仍需核对编号或出土地点，不同URL不等于不同实物"
"筒车图","中国国家博物馆","guobo","","https://www.chnmuseum.cn/zp/zpml/201812/t20181218_25443.shtml","https://www.chnmuseum.cn/zp/zpml/index_24.shtml","2026-10-04T07:17:03.211Z","34f7c37bd3dfab5b330cb460c5958255cf73c28d05ab459824cf0f003fe6d354","85dae32c4f609494a97b.html","","candidate-detail-unread","unknown","独立官网详情记录；同名藏品仍需核对编号或出土地点，不同URL不等于不同实物"
"卖地契","中国国家博物馆","guobo","","https://www.chnmuseum.cn/zp/zpml/201812/t20181218_25437.shtml","https://www.chnmuseum.cn/zp/zpml/index_24.shtml","2026-10-04T07:17:03.211Z","34f7c37bd3dfab5b330cb460c5958255cf73c28d05ab459824cf0f003fe6d354","85dae32c4f609494a97b.html","","candidate-detail-unread","unknown","独立官网详情记录；同名藏品仍需核对编号或出土地点，不同URL不等于不同实物"
"《河防一览图》卷","中国国家博物馆","guobo","明","https://www.chnmuseum.cn/zp/zpml/201812/t20181218_25436.shtml","https://www.chnmuseum.cn/zp/zpml/index_24.shtml","2026-10-04T07:17:03.211Z","34f7c37bd3dfab5b330cb460c5958255cf73c28d05ab459824cf0f003fe6d354","85dae32c4f609494a97b.html","","candidate-detail-unread","unknown","独立官网详情记录；同名藏品仍需核对编号或出土地点，不同URL不等于不同实物"
"《永乐大典》","中国国家博物馆","guobo","","https://www.chnmuseum.cn/zp/zpml/201812/t20181218_25428.shtml","https://www.chnmuseum.cn/zp/zpml/index_24.shtml","2026-10-04T07:17:03.211Z","34f7c37bd3dfab5b330cb460c5958255cf73c28d05ab459824cf0f003fe6d354","85dae32c4f609494a97b.html","","candidate-detail-unread","unknown","独立官网详情记录；同名藏品仍需核对编号或出土地点，不同URL不等于不同实物"
"朝鲜折扇","中国国家博物馆","guobo","","https://www.chnmuseum.cn/zp/zpml/201812/t20181218_25407.shtml","https://www.chnmuseum.cn/zp/zpml/index_24.shtml","2026-10-04T07:17:03.211Z","34f7c37bd3dfab5b330cb460c5958255cf73c28d05ab459824cf0f003fe6d354","85dae32c4f609494a97b.html","","candidate-detail-unread","unknown","独立官网详情记录；同名藏品仍需核对编号或出土地点，不同URL不等于不同实物"
"“五良太浦吴祥瑞造”青花人物花熏","中国国家博物馆","guobo","","https://www.chnmuseum.cn/zp/zpml/201812/t20181218_25404.shtml","https://www.chnmuseum.cn/zp/zpml/index_24.shtml","2026-10-04T07:17:03.211Z","34f7c37bd3dfab5b330cb460c5958255cf73c28d05ab459824cf0f003fe6d354","85dae32c4f609494a97b.html","","candidate-detail-unread","unknown","独立官网详情记录；同名藏品仍需核对编号或出土地点，不同URL不等于不同实物"
"“天下一木濑大和守藤原信重作”大铜镜","中国国家博物馆","guobo","明","https://www.chnmuseum.cn/zp/zpml/201812/t20181218_25402.shtml","https://www.chnmuseum.cn/zp/zpml/index_25.shtml","2026-10-04T07:17:03.434Z","4dbbfad7ccaf6bfcb437f54924eda8a83db36e9a0e518b22ce11a4e2bfacd1e1","6509b54e985dfcb914af.html","","candidate-detail-unread","unknown","独立官网详情记录；同名藏品仍需核对编号或出土地点，不同URL不等于不同实物"
"开元通宝钱","中国国家博物馆","guobo","","https://www.chnmuseum.cn/zp/zpml/201812/t20181218_25401.shtml","https://www.chnmuseum.cn/zp/zpml/index_25.shtml","2026-10-04T07:17:03.434Z","4dbbfad7ccaf6bfcb437f54924eda8a83db36e9a0e518b22ce11a4e2bfacd1e1","6509b54e985dfcb914af.html","","candidate-detail-unread","unknown","独立官网详情记录；同名藏品仍需核对编号或出土地点，不同URL不等于不同实物"
"青花八仙葫芦瓶","中国国家博物馆","guobo","","https://www.chnmuseum.cn/zp/zpml/201812/t20181218_25385.shtml","https://www.chnmuseum.cn/zp/zpml/index_25.shtml","2026-10-04T07:17:03.434Z","4dbbfad7ccaf6bfcb437f54924eda8a83db36e9a0e518b22ce11a4e2bfacd1e1","6509b54e985dfcb914af.html","","candidate-detail-unread","unknown","独立官网详情记录；同名藏品仍需核对编号或出土地点，不同URL不等于不同实物"
"《皇都积胜图》卷","中国国家博物馆","guobo","明","https://www.chnmuseum.cn/zp/zpml/201812/t20181218_25376.shtml","https://www.chnmuseum.cn/zp/zpml/index_25.shtml","2026-10-04T07:17:03.434Z","4dbbfad7ccaf6bfcb437f54924eda8a83db36e9a0e518b22ce11a4e2bfacd1e1","6509b54e985dfcb914af.html","","candidate-detail-unread","unknown","独立官网详情记录；同名藏品仍需核对编号或出土地点，不同URL不等于不同实物"
"大明通行宝钞","中国国家博物馆","guobo","明","https://www.chnmuseum.cn/zp/zpml/201812/t20181218_25374.shtml","https://www.chnmuseum.cn/zp/zpml/index_25.shtml","2026-10-04T07:17:03.434Z","4dbbfad7ccaf6bfcb437f54924eda8a83db36e9a0e518b22ce11a4e2bfacd1e1","6509b54e985dfcb914af.html","","candidate-detail-unread","unknown","独立官网详情记录；同名藏品仍需核对编号或出土地点，不同URL不等于不同实物"
"米继芬墓志拓片","中国国家博物馆","guobo","","https://www.chnmuseum.cn/zp/zpml/201812/t20181218_25367.shtml","https://www.chnmuseum.cn/zp/zpml/index_25.shtml","2026-10-04T07:17:03.434Z","4dbbfad7ccaf6bfcb437f54924eda8a83db36e9a0e518b22ce11a4e2bfacd1e1","6509b54e985dfcb914af.html","","candidate-detail-unread","unknown","独立官网详情记录；同名藏品仍需核对编号或出土地点，不同URL不等于不同实物"
"素三彩菊花耳瓶","中国国家博物馆","guobo","","https://www.chnmuseum.cn/zp/zpml/201812/t20181218_25362.shtml","https://www.chnmuseum.cn/zp/zpml/index_25.shtml","2026-10-04T07:17:03.434Z","4dbbfad7ccaf6bfcb437f54924eda8a83db36e9a0e518b22ce11a4e2bfacd1e1","6509b54e985dfcb914af.html","","candidate-detail-unread","unknown","独立官网详情记录；同名藏品仍需核对编号或出土地点，不同URL不等于不同实物"
"宣德青花灵芝石榴尊","中国国家博物馆","guobo","明","https://www.chnmuseum.cn/zp/zpml/201812/t20181218_25357.shtml","https://www.chnmuseum.cn/zp/zpml/index_25.shtml","2026-10-04T07:17:03.434Z","4dbbfad7ccaf6bfcb437f54924eda8a83db36e9a0e518b22ce11a4e2bfacd1e1","6509b54e985dfcb914af.html","","candidate-detail-unread","unknown","独立官网详情记录；同名藏品仍需核对编号或出土地点，不同URL不等于不同实物"
"青花缠枝纹贯耳瓶","中国国家博物馆","guobo","明","https://www.chnmuseum.cn/zp/zpml/201812/t20181218_25356.shtml","https://www.chnmuseum.cn/zp/zpml/index_25.shtml","2026-10-04T07:17:03.434Z","4dbbfad7ccaf6bfcb437f54924eda8a83db36e9a0e518b22ce11a4e2bfacd1e1","6509b54e985dfcb914af.html","","candidate-detail-unread","unknown","独立官网详情记录；同名藏品仍需核对编号或出土地点，不同URL不等于不同实物"
"玉璜","中国国家博物馆","guobo","","https://www.chnmuseum.cn/zp/zpml/201812/t20181218_25348.shtml","https://www.chnmuseum.cn/zp/zpml/index_25.shtml","2026-10-04T07:17:03.434Z","4dbbfad7ccaf6bfcb437f54924eda8a83db36e9a0e518b22ce11a4e2bfacd1e1","6509b54e985dfcb914af.html","","candidate-detail-unread","unknown","独立官网详情记录；同名藏品仍需核对编号或出土地点，不同URL不等于不同实物"
"猪骨","中国国家博物馆","guobo","","https://www.chnmuseum.cn/zp/zpml/201812/t20181218_25345.shtml","https://www.chnmuseum.cn/zp/zpml/index_25.shtml","2026-10-04T07:17:03.434Z","4dbbfad7ccaf6bfcb437f54924eda8a83db36e9a0e518b22ce11a4e2bfacd1e1","6509b54e985dfcb914af.html","","candidate-detail-unread","unknown","独立官网详情记录；同名藏品仍需核对编号或出土地点，不同URL不等于不同实物"
"张家口蒙汉马市完竣行稿局部","中国国家博物馆","guobo","","https://www.chnmuseum.cn/zp/zpml/201812/t20181218_25332.shtml","https://www.chnmuseum.cn/zp/zpml/index_25.shtml","2026-10-04T07:17:03.434Z","4dbbfad7ccaf6bfcb437f54924eda8a83db36e9a0e518b22ce11a4e2bfacd1e1","6509b54e985dfcb914af.html","","candidate-detail-unread","unknown","独立官网详情记录；同名藏品仍需核对编号或出土地点，不同URL不等于不同实物"
"料珠","中国国家博物馆","guobo","战国","https://www.chnmuseum.cn/zp/zpml/201812/t20181218_25328.shtml","https://www.chnmuseum.cn/zp/zpml/index_26.shtml","2026-10-04T07:17:03.633Z","6fbdf73c1512ef388d73a8f028ba65925f336e1cc45e85cd2ec1d2d7ed53baa9","f6cec4b8afa4e15e4890.html","","candidate-detail-unread","unknown","独立官网详情记录；同名藏品仍需核对编号或出土地点，不同URL不等于不同实物"
"徽州府祁门县江寿户帖","中国国家博物馆","guobo","","https://www.chnmuseum.cn/zp/zpml/201812/t20181218_25310.shtml","https://www.chnmuseum.cn/zp/zpml/index_26.shtml","2026-10-04T07:17:03.633Z","6fbdf73c1512ef388d73a8f028ba65925f336e1cc45e85cd2ec1d2d7ed53baa9","f6cec4b8afa4e15e4890.html","","candidate-detail-unread","unknown","独立官网详情记录；同名藏品仍需核对编号或出土地点，不同URL不等于不同实物"
"统军元帅之印","中国国家博物馆","guobo","","https://www.chnmuseum.cn/zp/zpml/201812/t20181218_25293.shtml","https://www.chnmuseum.cn/zp/zpml/index_26.shtml","2026-10-04T07:17:03.633Z","6fbdf73c1512ef388d73a8f028ba65925f336e1cc45e85cd2ec1d2d7ed53baa9","f6cec4b8afa4e15e4890.html","","candidate-detail-unread","unknown","独立官网详情记录；同名藏品仍需核对编号或出土地点，不同URL不等于不同实物"
"五铢钱","中国国家博物馆","guobo","","https://www.chnmuseum.cn/zp/zpml/201812/t20181218_25257.shtml","https://www.chnmuseum.cn/zp/zpml/index_26.shtml","2026-10-04T07:17:03.633Z","6fbdf73c1512ef388d73a8f028ba65925f336e1cc45e85cd2ec1d2d7ed53baa9","f6cec4b8afa4e15e4890.html","","candidate-detail-unread","unknown","独立官网详情记录；同名藏品仍需核对编号或出土地点，不同URL不等于不同实物"
"布泉钱、五行大布钱、永通万国钱","中国国家博物馆","guobo","南北朝;北朝;北周","https://www.chnmuseum.cn/zp/zpml/201812/t20181218_25254.shtml","https://www.chnmuseum.cn/zp/zpml/index_26.shtml","2026-10-04T07:17:03.633Z","6fbdf73c1512ef388d73a8f028ba65925f336e1cc45e85cd2ec1d2d7ed53baa9","f6cec4b8afa4e15e4890.html","","candidate-detail-unread","unknown","独立官网详情记录；同名藏品仍需核对编号或出土地点，不同URL不等于不同实物"
"五铢钱、太货六铢钱","中国国家博物馆","guobo","南北朝;南朝;陈","https://www.chnmuseum.cn/zp/zpml/201812/t20181218_25253.shtml","https://www.chnmuseum.cn/zp/zpml/index_26.shtml","2026-10-04T07:17:03.633Z","6fbdf73c1512ef388d73a8f028ba65925f336e1cc45e85cd2ec1d2d7ed53baa9","f6cec4b8afa4e15e4890.html","","candidate-detail-unread","unknown","独立官网详情记录；同名藏品仍需核对编号或出土地点，不同URL不等于不同实物"
"木棉纴床图","中国国家博物馆","guobo","","https://www.chnmuseum.cn/zp/zpml/201812/t20181218_25245.shtml","https://www.chnmuseum.cn/zp/zpml/index_26.shtml","2026-10-04T07:17:03.633Z","6fbdf73c1512ef388d73a8f028ba65925f336e1cc45e85cd2ec1d2d7ed53baa9","f6cec4b8afa4e15e4890.html","","candidate-detail-unread","unknown","独立官网详情记录；同名藏品仍需核对编号或出土地点，不同URL不等于不同实物"
"木棉纺车图","中国国家博物馆","guobo","","https://www.chnmuseum.cn/zp/zpml/201812/t20181218_25244.shtml","https://www.chnmuseum.cn/zp/zpml/index_26.shtml","2026-10-04T07:17:03.633Z","6fbdf73c1512ef388d73a8f028ba65925f336e1cc45e85cd2ec1d2d7ed53baa9","f6cec4b8afa4e15e4890.html","","candidate-detail-unread","unknown","独立官网详情记录；同名藏品仍需核对编号或出土地点，不同URL不等于不同实物"
"木棉搅车图","中国国家博物馆","guobo","","https://www.chnmuseum.cn/zp/zpml/201812/t20181218_25234.shtml","https://www.chnmuseum.cn/zp/zpml/index_26.shtml","2026-10-04T07:17:03.633Z","6fbdf73c1512ef388d73a8f028ba65925f336e1cc45e85cd2ec1d2d7ed53baa9","f6cec4b8afa4e15e4890.html","","candidate-detail-unread","unknown","独立官网详情记录；同名藏品仍需核对编号或出土地点，不同URL不等于不同实物"
"至大通宝 至正通宝","中国国家博物馆","guobo","","https://www.chnmuseum.cn/zp/zpml/201812/t20181218_25230.shtml","https://www.chnmuseum.cn/zp/zpml/index_26.shtml","2026-10-04T07:17:03.633Z","6fbdf73c1512ef388d73a8f028ba65925f336e1cc45e85cd2ec1d2d7ed53baa9","f6cec4b8afa4e15e4890.html","","candidate-detail-unread","unknown","独立官网详情记录；同名藏品仍需核对编号或出土地点，不同URL不等于不同实物"
"武平县尉司印","中国国家博物馆","guobo","","https://www.chnmuseum.cn/zp/zpml/201812/t20181218_25228.shtml","https://www.chnmuseum.cn/zp/zpml/index_26.shtml","2026-10-04T07:17:03.633Z","6fbdf73c1512ef388d73a8f028ba65925f336e1cc45e85cd2ec1d2d7ed53baa9","f6cec4b8afa4e15e4890.html","","candidate-detail-unread","unknown","独立官网详情记录；同名藏品仍需核对编号或出土地点，不同URL不等于不同实物"
"忠翊侍卫亲军弩军百户印","中国国家博物馆","guobo","","https://www.chnmuseum.cn/zp/zpml/201812/t20181218_25227.shtml","https://www.chnmuseum.cn/zp/zpml/index_26.shtml","2026-10-04T07:17:03.633Z","6fbdf73c1512ef388d73a8f028ba65925f336e1cc45e85cd2ec1d2d7ed53baa9","f6cec4b8afa4e15e4890.html","","candidate-detail-unread","unknown","独立官网详情记录；同名藏品仍需核对编号或出土地点，不同URL不等于不同实物"
"黄绿釉琉璃瓦滴水","中国国家博物馆","guobo","元","https://www.chnmuseum.cn/zp/zpml/201812/t20181218_25225.shtml","https://www.chnmuseum.cn/zp/zpml/index_27.shtml","2026-10-04T07:17:03.847Z","7455804a1b09c73e7f04f59e8d0f913a4aae0393ab1289a5927493fec5514733","f4ca9162fe60a4db5450.html","","candidate-detail-unread","unknown","独立官网详情记录；同名藏品仍需核对编号或出土地点，不同URL不等于不同实物"
"忽必烈像","中国国家博物馆","guobo","","https://www.chnmuseum.cn/zp/zpml/201812/t20181218_25224.shtml","https://www.chnmuseum.cn/zp/zpml/index_27.shtml","2026-10-04T07:17:03.847Z","7455804a1b09c73e7f04f59e8d0f913a4aae0393ab1289a5927493fec5514733","f4ca9162fe60a4db5450.html","","candidate-detail-unread","unknown","独立官网详情记录；同名藏品仍需核对编号或出土地点，不同URL不等于不同实物"
"枢府窑瓷盘","中国国家博物馆","guobo","元","https://www.chnmuseum.cn/zp/zpml/201812/t20181218_25222.shtml","https://www.chnmuseum.cn/zp/zpml/index_27.shtml","2026-10-04T07:17:03.847Z","7455804a1b09c73e7f04f59e8d0f913a4aae0393ab1289a5927493fec5514733","f4ca9162fe60a4db5450.html","","candidate-detail-unread","unknown","独立官网详情记录；同名藏品仍需核对编号或出土地点，不同URL不等于不同实物"
"《真腊风土记》","中国国家博物馆","guobo","","https://www.chnmuseum.cn/zp/zpml/201812/t20181218_25219.shtml","https://www.chnmuseum.cn/zp/zpml/index_27.shtml","2026-10-04T07:17:03.847Z","7455804a1b09c73e7f04f59e8d0f913a4aae0393ab1289a5927493fec5514733","f4ca9162fe60a4db5450.html","","candidate-detail-unread","unknown","独立官网详情记录；同名藏品仍需核对编号或出土地点，不同URL不等于不同实物"
"釉里红缠枝花卉纹碗","中国国家博物馆","guobo","明","https://www.chnmuseum.cn/zp/zpml/201812/t20181218_25213.shtml","https://www.chnmuseum.cn/zp/zpml/index_27.shtml","2026-10-04T07:17:03.847Z","7455804a1b09c73e7f04f59e8d0f913a4aae0393ab1289a5927493fec5514733","f4ca9162fe60a4db5450.html","","candidate-detail-unread","unknown","独立官网详情记录；同名藏品仍需核对编号或出土地点，不同URL不等于不同实物"
"宣德霁蓝盘","中国国家博物馆","guobo","","https://www.chnmuseum.cn/zp/zpml/201812/t20181218_25202.shtml","https://www.chnmuseum.cn/zp/zpml/index_27.shtml","2026-10-04T07:17:03.847Z","7455804a1b09c73e7f04f59e8d0f913a4aae0393ab1289a5927493fec5514733","f4ca9162fe60a4db5450.html","","candidate-detail-unread","unknown","独立官网详情记录；同名藏品仍需核对编号或出土地点，不同URL不等于不同实物"
"雪窗读书图","中国国家博物馆","guobo","","https://www.chnmuseum.cn/zp/zpml/201812/t20181218_25192.shtml","https://www.chnmuseum.cn/zp/zpml/index_27.shtml","2026-10-04T07:17:03.847Z","7455804a1b09c73e7f04f59e8d0f913a4aae0393ab1289a5927493fec5514733","f4ca9162fe60a4db5450.html","","candidate-detail-unread","unknown","独立官网详情记录；同名藏品仍需核对编号或出土地点，不同URL不等于不同实物"
"周有光撰写的《汉字改革概论》日文版","中国国家博物馆","guobo","现当代","https://www.chnmuseum.cn/zp/zpml/201812/t20181218_25169.shtml","https://www.chnmuseum.cn/zp/zpml/index_27.shtml","2026-10-04T07:17:03.847Z","7455804a1b09c73e7f04f59e8d0f913a4aae0393ab1289a5927493fec5514733","f4ca9162fe60a4db5450.html","","candidate-detail-unread","unknown","独立官网详情记录；同名藏品仍需核对编号或出土地点，不同URL不等于不同实物"
"中华人民共和国主席毛泽东任命邓小平为国防委员会副主席的任命通知书","中国国家博物馆","guobo","现当代","https://www.chnmuseum.cn/zp/zpml/201812/t20181218_25124.shtml","https://www.chnmuseum.cn/zp/zpml/index_27.shtml","2026-10-04T07:17:03.847Z","7455804a1b09c73e7f04f59e8d0f913a4aae0393ab1289a5927493fec5514733","f4ca9162fe60a4db5450.html","","candidate-detail-unread","unknown","独立官网详情记录；同名藏品仍需核对编号或出土地点，不同URL不等于不同实物"
"全国人大常委会任命钱其琛为全国人大澳门特别行政区筹委会主任委员的任命书","中国国家博物馆","guobo","现当代","https://www.chnmuseum.cn/zp/zpml/201812/t20181218_25078.shtml","https://www.chnmuseum.cn/zp/zpml/index_27.shtml","2026-10-04T07:17:03.847Z","7455804a1b09c73e7f04f59e8d0f913a4aae0393ab1289a5927493fec5514733","f4ca9162fe60a4db5450.html","","candidate-detail-unread","unknown","独立官网详情记录；同名藏品仍需核对编号或出土地点，不同URL不等于不同实物"
"中央人民政府任命刘少奇为中央人民政府人民革命军事委员会副主席的通知书","中国国家博物馆","guobo","现当代","https://www.chnmuseum.cn/zp/zpml/201812/t20181218_24955.shtml","https://www.chnmuseum.cn/zp/zpml/index_27.shtml","2026-10-04T07:17:03.847Z","7455804a1b09c73e7f04f59e8d0f913a4aae0393ab1289a5927493fec5514733","f4ca9162fe60a4db5450.html","","candidate-detail-unread","unknown","独立官网详情记录；同名藏品仍需核对编号或出土地点，不同URL不等于不同实物"
"乾隆十六年南巡各地详图","中国国家博物馆","guobo","清","https://www.chnmuseum.cn/zp/zpml/201812/t20181218_24857.shtml","https://www.chnmuseum.cn/zp/zpml/index_27.shtml","2026-10-04T07:17:03.847Z","7455804a1b09c73e7f04f59e8d0f913a4aae0393ab1289a5927493fec5514733","f4ca9162fe60a4db5450.html","","candidate-detail-unread","unknown","独立官网详情记录；同名藏品仍需核对编号或出土地点，不同URL不等于不同实物"
"宣统元年十八省选拔贡同年全录","中国国家博物馆","guobo","清","https://www.chnmuseum.cn/zp/zpml/201812/t20181218_24856.shtml","https://www.chnmuseum.cn/zp/zpml/index_28.shtml","2026-10-04T07:17:04.042Z","d1560c959928d7b2fb9e0b48b8152cff58e40cbac6998434cef1c98c54bf5b41","5bffb2f322e00eff095c.html","","candidate-detail-unread","unknown","独立官网详情记录；同名藏品仍需核对编号或出土地点，不同URL不等于不同实物"
"道光二十年关于试卷样式的上谕","中国国家博物馆","guobo","清","https://www.chnmuseum.cn/zp/zpml/201812/t20181218_24855.shtml","https://www.chnmuseum.cn/zp/zpml/index_28.shtml","2026-10-04T07:17:04.042Z","d1560c959928d7b2fb9e0b48b8152cff58e40cbac6998434cef1c98c54bf5b41","5bffb2f322e00eff095c.html","","candidate-detail-unread","unknown","独立官网详情记录；同名藏品仍需核对编号或出土地点，不同URL不等于不同实物"
"道光十七年选拔贡单","中国国家博物馆","guobo","清","https://www.chnmuseum.cn/zp/zpml/201812/t20181218_24854.shtml","https://www.chnmuseum.cn/zp/zpml/index_28.shtml","2026-10-04T07:17:04.042Z","d1560c959928d7b2fb9e0b48b8152cff58e40cbac6998434cef1c98c54bf5b41","5bffb2f322e00eff095c.html","","candidate-detail-unread","unknown","独立官网详情记录；同名藏品仍需核对编号或出土地点，不同URL不等于不同实物"
"光绪年间会试朱卷","中国国家博物馆","guobo","清","https://www.chnmuseum.cn/zp/zpml/201812/t20181218_24853.shtml","https://www.chnmuseum.cn/zp/zpml/index_28.shtml","2026-10-04T07:17:04.042Z","d1560c959928d7b2fb9e0b48b8152cff58e40cbac6998434cef1c98c54bf5b41","5bffb2f322e00eff095c.html","","candidate-detail-unread","unknown","独立官网详情记录；同名藏品仍需核对编号或出土地点，不同URL不等于不同实物"
"光绪十五年张建勋会试复试卷","中国国家博物馆","guobo","清","https://www.chnmuseum.cn/zp/zpml/201812/t20181218_24851.shtml","https://www.chnmuseum.cn/zp/zpml/index_28.shtml","2026-10-04T07:17:04.042Z","d1560c959928d7b2fb9e0b48b8152cff58e40cbac6998434cef1c98c54bf5b41","5bffb2f322e00eff095c.html","","candidate-detail-unread","unknown","独立官网详情记录；同名藏品仍需核对编号或出土地点，不同URL不等于不同实物"
"同治光绪年间进士册","中国国家博物馆","guobo","清","https://www.chnmuseum.cn/zp/zpml/201812/t20181218_24850.shtml","https://www.chnmuseum.cn/zp/zpml/index_28.shtml","2026-10-04T07:17:04.042Z","d1560c959928d7b2fb9e0b48b8152cff58e40cbac6998434cef1c98c54bf5b41","5bffb2f322e00eff095c.html","","candidate-detail-unread","unknown","独立官网详情记录；同名藏品仍需核对编号或出土地点，不同URL不等于不同实物"
"康熙五十四年黄鹤鸣殿试卷","中国国家博物馆","guobo","清","https://www.chnmuseum.cn/zp/zpml/201812/t20181218_24849.shtml","https://www.chnmuseum.cn/zp/zpml/index_28.shtml","2026-10-04T07:17:04.042Z","d1560c959928d7b2fb9e0b48b8152cff58e40cbac6998434cef1c98c54bf5b41","5bffb2f322e00eff095c.html","","candidate-detail-unread","unknown","独立官网详情记录；同名藏品仍需核对编号或出土地点，不同URL不等于不同实物"
"鹿鸣茶宴仪注","中国国家博物馆","guobo","清","https://www.chnmuseum.cn/zp/zpml/201812/t20181218_24848.shtml","https://www.chnmuseum.cn/zp/zpml/index_28.shtml","2026-10-04T07:17:04.042Z","d1560c959928d7b2fb9e0b48b8152cff58e40cbac6998434cef1c98c54bf5b41","5bffb2f322e00eff095c.html","","candidate-detail-unread","unknown","独立官网详情记录；同名藏品仍需核对编号或出土地点，不同URL不等于不同实物"
"宾兴茶宴仪注","中国国家博物馆","guobo","清","https://www.chnmuseum.cn/zp/zpml/201812/t20181218_24847.shtml","https://www.chnmuseum.cn/zp/zpml/index_28.shtml","2026-10-04T07:17:04.042Z","d1560c959928d7b2fb9e0b48b8152cff58e40cbac6998434cef1c98c54bf5b41","5bffb2f322e00eff095c.html","","candidate-detail-unread","unknown","独立官网详情记录；同名藏品仍需核对编号或出土地点，不同URL不等于不同实物"
"光绪十四年戊子科四川乡试录","中国国家博物馆","guobo","清","https://www.chnmuseum.cn/zp/zpml/201812/t20181218_24846.shtml","https://www.chnmuseum.cn/zp/zpml/index_28.shtml","2026-10-04T07:17:04.042Z","d1560c959928d7b2fb9e0b48b8152cff58e40cbac6998434cef1c98c54bf5b41","5bffb2f322e00eff095c.html","","candidate-detail-unread","unknown","独立官网详情记录；同名藏品仍需核对编号或出土地点，不同URL不等于不同实物"
"咸丰元年礼部知会浙江考官翻译乡试题事","中国国家博物馆","guobo","清","https://www.chnmuseum.cn/zp/zpml/201812/t20181218_24840.shtml","https://www.chnmuseum.cn/zp/zpml/index_28.shtml","2026-10-04T07:17:04.042Z","d1560c959928d7b2fb9e0b48b8152cff58e40cbac6998434cef1c98c54bf5b41","5bffb2f322e00eff095c.html","","candidate-detail-unread","unknown","独立官网详情记录；同名藏品仍需核对编号或出土地点，不同URL不等于不同实物"
"宣统三年六月十三日山西巡抚为谘请派员赴德国参观研究万国博览会事致山西大学堂监督胡钧照会","中国国家博物馆","guobo","清","https://www.chnmuseum.cn/zp/zpml/201812/t20181218_24834.shtml","https://www.chnmuseum.cn/zp/zpml/index_28.shtml","2026-10-04T07:17:04.042Z","d1560c959928d7b2fb9e0b48b8152cff58e40cbac6998434cef1c98c54bf5b41","5bffb2f322e00eff095c.html","","candidate-detail-unread","unknown","独立官网详情记录；同名藏品仍需核对编号或出土地点，不同URL不等于不同实物"
"光绪二十三年九月二十九日钦差大臣办理北洋通商事务直隶总督部堂王发给委办张家口电线工程续运电杆免税放行护照","中国国家博物馆","guobo","清","https://www.chnmuseum.cn/zp/zpml/201812/t20181218_24832.shtml","https://www.chnmuseum.cn/zp/zpml/index_29.shtml","2026-10-04T07:17:04.230Z","917b0531879503b3df6705c45b897277372f71e2853cd32c40161f41699e23c6","be8acf829ae44b65c592.html","","candidate-detail-unread","unknown","独立官网详情记录；同名藏品仍需核对编号或出土地点，不同URL不等于不同实物"
"光绪八年云贵总督部堂等裁革派用夫马不准各州县再设夫马局告示","中国国家博物馆","guobo","清","https://www.chnmuseum.cn/zp/zpml/201812/t20181218_24831.shtml","https://www.chnmuseum.cn/zp/zpml/index_29.shtml","2026-10-04T07:17:04.230Z","917b0531879503b3df6705c45b897277372f71e2853cd32c40161f41699e23c6","be8acf829ae44b65c592.html","","candidate-detail-unread","unknown","独立官网详情记录；同名藏品仍需核对编号或出土地点，不同URL不等于不同实物"
"同治六年十二月陕甘总督左宗棠关于河回一股悉数歼灭造谣之人应查明拘案批示","中国国家博物馆","guobo","清","https://www.chnmuseum.cn/zp/zpml/201812/t20181218_24828.shtml","https://www.chnmuseum.cn/zp/zpml/index_29.shtml","2026-10-04T07:17:04.230Z","917b0531879503b3df6705c45b897277372f71e2853cd32c40161f41699e23c6","be8acf829ae44b65c592.html","","candidate-detail-unread","unknown","独立官网详情记录；同名藏品仍需核对编号或出土地点，不同URL不等于不同实物"
"乾隆四十九年直隶布政使司发给徐友松在门头沟经营煤窑窑照","中国国家博物馆","guobo","清","https://www.chnmuseum.cn/zp/zpml/201812/t20181218_24820.shtml","https://www.chnmuseum.cn/zp/zpml/index_29.shtml","2026-10-04T07:17:04.230Z","917b0531879503b3df6705c45b897277372f71e2853cd32c40161f41699e23c6","be8acf829ae44b65c592.html","","candidate-detail-unread","unknown","独立官网详情记录；同名藏品仍需核对编号或出土地点，不同URL不等于不同实物"
"乾隆四十五年十一月初十日兵部火票","中国国家博物馆","guobo","清","https://www.chnmuseum.cn/zp/zpml/201812/t20181218_24819.shtml","https://www.chnmuseum.cn/zp/zpml/index_29.shtml","2026-10-04T07:17:04.230Z","917b0531879503b3df6705c45b897277372f71e2853cd32c40161f41699e23c6","be8acf829ae44b65c592.html","","candidate-detail-unread","unknown","独立官网详情记录；同名藏品仍需核对编号或出土地点，不同URL不等于不同实物"
"乾隆四十五年七月初四日兵部火票","中国国家博物馆","guobo","清","https://www.chnmuseum.cn/zp/zpml/201812/t20181218_24818.shtml","https://www.chnmuseum.cn/zp/zpml/index_29.shtml","2026-10-04T07:17:04.230Z","917b0531879503b3df6705c45b897277372f71e2853cd32c40161f41699e23c6","be8acf829ae44b65c592.html","","candidate-detail-unread","unknown","独立官网详情记录；同名藏品仍需核对编号或出土地点，不同URL不等于不同实物"
"康熙十八年七月十二日钦命安远靖寇大将军多罗贝勒察为奖励陈积奋归诚札","中国国家博物馆","guobo","清","https://www.chnmuseum.cn/zp/zpml/201812/t20181218_24809.shtml","https://www.chnmuseum.cn/zp/zpml/index_29.shtml","2026-10-04T07:17:04.230Z","917b0531879503b3df6705c45b897277372f71e2853cd32c40161f41699e23c6","be8acf829ae44b65c592.html","","candidate-detail-unread","unknown","独立官网详情记录；同名藏品仍需核对编号或出土地点，不同URL不等于不同实物"
"同治十三年湖南巡抚王文韶奏折","中国国家博物馆","guobo","清","https://www.chnmuseum.cn/zp/zpml/201812/t20181218_24808.shtml","https://www.chnmuseum.cn/zp/zpml/index_29.shtml","2026-10-04T07:17:04.230Z","917b0531879503b3df6705c45b897277372f71e2853cd32c40161f41699e23c6","be8acf829ae44b65c592.html","","candidate-detail-unread","unknown","独立官网详情记录；同名藏品仍需核对编号或出土地点，不同URL不等于不同实物"
"康熙十九年四月初七日《书经讲章》","中国国家博物馆","guobo","清","https://www.chnmuseum.cn/zp/zpml/201812/t20181218_24798.shtml","https://www.chnmuseum.cn/zp/zpml/index_29.shtml","2026-10-04T07:17:04.230Z","917b0531879503b3df6705c45b897277372f71e2853cd32c40161f41699e23c6","be8acf829ae44b65c592.html","","candidate-detail-unread","unknown","独立官网详情记录；同名藏品仍需核对编号或出土地点，不同URL不等于不同实物"
"康熙《易经讲章》","中国国家博物馆","guobo","清","https://www.chnmuseum.cn/zp/zpml/201812/t20181218_24796.shtml","https://www.chnmuseum.cn/zp/zpml/index_29.shtml","2026-10-04T07:17:04.230Z","917b0531879503b3df6705c45b897277372f71e2853cd32c40161f41699e23c6","be8acf829ae44b65c592.html","","candidate-detail-unread","unknown","独立官网详情记录；同名藏品仍需核对编号或出土地点，不同URL不等于不同实物"
"康熙《经筵讲章》","中国国家博物馆","guobo","清","https://www.chnmuseum.cn/zp/zpml/201812/t20181218_24795.shtml","https://www.chnmuseum.cn/zp/zpml/index_29.shtml","2026-10-04T07:17:04.230Z","917b0531879503b3df6705c45b897277372f71e2853cd32c40161f41699e23c6","be8acf829ae44b65c592.html","","candidate-detail-unread","unknown","独立官网详情记录；同名藏品仍需核对编号或出土地点，不同URL不等于不同实物"
"后金天聪七年五月二十四日提兵元帅孔有德粮饷总兵耿仲明差副将刘承祖向皇上叩问禀帖","中国国家博物馆","guobo","清","https://www.chnmuseum.cn/zp/zpml/201812/t20181218_24788.shtml","https://www.chnmuseum.cn/zp/zpml/index_29.shtml","2026-10-04T07:17:04.230Z","917b0531879503b3df6705c45b897277372f71e2853cd32c40161f41699e23c6","be8acf829ae44b65c592.html","","candidate-detail-unread","unknown","独立官网详情记录；同名藏品仍需核对编号或出土地点，不同URL不等于不同实物"
"后金内秘书院大学士范文程接管八孤山子弟读书事奏稿","中国国家博物馆","guobo","清","https://www.chnmuseum.cn/zp/zpml/201812/t20181218_24787.shtml","https://www.chnmuseum.cn/zp/zpml/index_30.shtml","2026-10-04T07:17:04.452Z","e964dcf01b69674fc662fd2bbd9f42b6c60c131a051999665caa2e855f2d25c4","fd1b5f2514209892de1e.html","","candidate-detail-unread","unknown","独立官网详情记录；同名藏品仍需核对编号或出土地点，不同URL不等于不同实物"
"光绪十五年三月上慈禧端佑康颐昭豫庄诚寿恭皇太后徽号诏","中国国家博物馆","guobo","清","https://www.chnmuseum.cn/zp/zpml/201812/t20181218_24783.shtml","https://www.chnmuseum.cn/zp/zpml/index_30.shtml","2026-10-04T07:17:04.452Z","e964dcf01b69674fc662fd2bbd9f42b6c60c131a051999665caa2e855f2d25c4","fd1b5f2514209892de1e.html","","candidate-detail-unread","unknown","独立官网详情记录；同名藏品仍需核对编号或出土地点，不同URL不等于不同实物"
"道光十五年十月初十日李钟潢祖父母敕命","中国国家博物馆","guobo","清","https://www.chnmuseum.cn/zp/zpml/201812/t20181218_24781.shtml","https://www.chnmuseum.cn/zp/zpml/index_30.shtml","2026-10-04T07:17:04.452Z","e964dcf01b69674fc662fd2bbd9f42b6c60c131a051999665caa2e855f2d25c4","fd1b5f2514209892de1e.html","","candidate-detail-unread","unknown","独立官网详情记录；同名藏品仍需核对编号或出土地点，不同URL不等于不同实物"
"乾隆四十五年六月初二日敕山西分守冀宁道命其兼管水利事务驻扎省城谕","中国国家博物馆","guobo","清","https://www.chnmuseum.cn/zp/zpml/201812/t20181218_24777.shtml","https://www.chnmuseum.cn/zp/zpml/index_30.shtml","2026-10-04T07:17:04.452Z","e964dcf01b69674fc662fd2bbd9f42b6c60c131a051999665caa2e855f2d25c4","fd1b5f2514209892de1e.html","","candidate-detail-unread","unknown","独立官网详情记录；同名藏品仍需核对编号或出土地点，不同URL不等于不同实物"
"乾隆四十四年三月初九日敕山海关副都统都尔嘉统领八旗官兵驻扎山海关谕","中国国家博物馆","guobo","清","https://www.chnmuseum.cn/zp/zpml/201812/t20181218_24776.shtml","https://www.chnmuseum.cn/zp/zpml/index_30.shtml","2026-10-04T07:17:04.452Z","e964dcf01b69674fc662fd2bbd9f42b6c60c131a051999665caa2e855f2d25c4","fd1b5f2514209892de1e.html","","candidate-detail-unread","unknown","独立官网详情记录；同名藏品仍需核对编号或出土地点，不同URL不等于不同实物"
"乾隆二十五年十二月十七日祖尚贤子孙世袭诰命","中国国家博物馆","guobo","清","https://www.chnmuseum.cn/zp/zpml/201812/t20181218_24773.shtml","https://www.chnmuseum.cn/zp/zpml/index_30.shtml","2026-10-04T07:17:04.452Z","e964dcf01b69674fc662fd2bbd9f42b6c60c131a051999665caa2e855f2d25c4","fd1b5f2514209892de1e.html","","candidate-detail-unread","unknown","独立官网详情记录；同名藏品仍需核对编号或出土地点，不同URL不等于不同实物"
"乾隆六年五月二十二日敕贵州丹江营参将统领经制官兵驻扎丹江城谕","中国国家博物馆","guobo","清","https://www.chnmuseum.cn/zp/zpml/201812/t20181218_24771.shtml","https://www.chnmuseum.cn/zp/zpml/index_30.shtml","2026-10-04T07:17:04.452Z","e964dcf01b69674fc662fd2bbd9f42b6c60c131a051999665caa2e855f2d25c4","fd1b5f2514209892de1e.html","","candidate-detail-unread","unknown","独立官网详情记录；同名藏品仍需核对编号或出土地点，不同URL不等于不同实物"
"雍正十年七月二十日命查郎阿署宁远大将军敕谕","中国国家博物馆","guobo","清","https://www.chnmuseum.cn/zp/zpml/201812/t20181218_24769.shtml","https://www.chnmuseum.cn/zp/zpml/index_30.shtml","2026-10-04T07:17:04.452Z","e964dcf01b69674fc662fd2bbd9f42b6c60c131a051999665caa2e855f2d25c4","fd1b5f2514209892de1e.html","","candidate-detail-unread","unknown","独立官网详情记录；同名藏品仍需核对编号或出土地点，不同URL不等于不同实物"
"雍正九年征讨噶尔丹策凌祭天文告","中国国家博物馆","guobo","清","https://www.chnmuseum.cn/zp/zpml/201812/t20181218_24768.shtml","https://www.chnmuseum.cn/zp/zpml/index_30.shtml","2026-10-04T07:17:04.452Z","e964dcf01b69674fc662fd2bbd9f42b6c60c131a051999665caa2e855f2d25c4","fd1b5f2514209892de1e.html","","candidate-detail-unread","unknown","独立官网详情记录；同名藏品仍需核对编号或出土地点，不同URL不等于不同实物"
"雍正四年五月十七日宣布允禩集团历年来“奸伪逆乱之行”上谕","中国国家博物馆","guobo","清","https://www.chnmuseum.cn/zp/zpml/201812/t20181218_24767.shtml","https://www.chnmuseum.cn/zp/zpml/index_30.shtml","2026-10-04T07:17:04.452Z","e964dcf01b69674fc662fd2bbd9f42b6c60c131a051999665caa2e855f2d25c4","fd1b5f2514209892de1e.html","","candidate-detail-unread","unknown","独立官网详情记录；同名藏品仍需核对编号或出土地点，不同URL不等于不同实物"
"康熙四十年四月二十日敕静觉寺国师阿望丹进谕（满藏汉文合璧）","中国国家博物馆","guobo","清","https://www.chnmuseum.cn/zp/zpml/201812/t20181218_24766.shtml","https://www.chnmuseum.cn/zp/zpml/index_30.shtml","2026-10-04T07:17:04.452Z","e964dcf01b69674fc662fd2bbd9f42b6c60c131a051999665caa2e855f2d25c4","fd1b5f2514209892de1e.html","","candidate-detail-unread","unknown","独立官网详情记录；同名藏品仍需核对编号或出土地点，不同URL不等于不同实物"
"康熙二十二年四月十九日敕湖广郧阳府副将统领经制官兵驻扎郧阳府谕","中国国家博物馆","guobo","清","https://www.chnmuseum.cn/zp/zpml/201812/t20181218_24764.shtml","https://www.chnmuseum.cn/zp/zpml/index_30.shtml","2026-10-04T07:17:04.452Z","e964dcf01b69674fc662fd2bbd9f42b6c60c131a051999665caa2e855f2d25c4","fd1b5f2514209892de1e.html","","candidate-detail-unread","unknown","独立官网详情记录；同名藏品仍需核对编号或出土地点，不同URL不等于不同实物"
"康熙二十年十二月二十日三藩平定维新庶政大沛宽和诏谕","中国国家博物馆","guobo","清","https://www.chnmuseum.cn/zp/zpml/201812/t20181218_24762.shtml","https://www.chnmuseum.cn/zp/zpml/index_31.shtml","2026-10-04T07:17:04.669Z","df12f32ac166292c3b058f6c80a5372de524126ab97150e858845453d57db685","77cc7425e3ae83e73f47.html","","candidate-detail-unread","unknown","独立官网详情记录；同名藏品仍需核对编号或出土地点，不同URL不等于不同实物"
"康熙十八年十一月初八日招抚吴应期敕谕","中国国家博物馆","guobo","清","https://www.chnmuseum.cn/zp/zpml/201812/t20181218_24760.shtml","https://www.chnmuseum.cn/zp/zpml/index_31.shtml","2026-10-04T07:17:04.669Z","df12f32ac166292c3b058f6c80a5372de524126ab97150e858845453d57db685","77cc7425e3ae83e73f47.html","","candidate-detail-unread","unknown","独立官网详情记录；同名藏品仍需核对编号或出土地点，不同URL不等于不同实物"
"康熙十六年十月十六日敕安南国王黎维禧攻打吴三桂谕","中国国家博物馆","guobo","清","https://www.chnmuseum.cn/zp/zpml/201812/t20181218_24757.shtml","https://www.chnmuseum.cn/zp/zpml/index_31.shtml","2026-10-04T07:17:04.669Z","df12f32ac166292c3b058f6c80a5372de524126ab97150e858845453d57db685","77cc7425e3ae83e73f47.html","","candidate-detail-unread","unknown","独立官网详情记录；同名藏品仍需核对编号或出土地点，不同URL不等于不同实物"
"康熙八年二月初九日敕江西等处承宣布政使司布政使谕","中国国家博物馆","guobo","清","https://www.chnmuseum.cn/zp/zpml/201812/t20181218_24755.shtml","https://www.chnmuseum.cn/zp/zpml/index_31.shtml","2026-10-04T07:17:04.669Z","df12f32ac166292c3b058f6c80a5372de524126ab97150e858845453d57db685","77cc7425e3ae83e73f47.html","","candidate-detail-unread","unknown","独立官网详情记录；同名藏品仍需核对编号或出土地点，不同URL不等于不同实物"
"顺治十八年闰七月十三日招降郑成功部下诏谕","中国国家博物馆","guobo","清","https://www.chnmuseum.cn/zp/zpml/201812/t20181218_24751.shtml","https://www.chnmuseum.cn/zp/zpml/index_31.shtml","2026-10-04T07:17:04.669Z","df12f32ac166292c3b058f6c80a5372de524126ab97150e858845453d57db685","77cc7425e3ae83e73f47.html","","candidate-detail-unread","unknown","独立官网详情记录；同名藏品仍需核对编号或出土地点，不同URL不等于不同实物"
"顺治十三年六月十六日敕浙江等沿海各地督抚镇严防郑成功谕","中国国家博物馆","guobo","清","https://www.chnmuseum.cn/zp/zpml/201812/t20181218_24749.shtml","https://www.chnmuseum.cn/zp/zpml/index_31.shtml","2026-10-04T07:17:04.669Z","df12f32ac166292c3b058f6c80a5372de524126ab97150e858845453d57db685","77cc7425e3ae83e73f47.html","","candidate-detail-unread","unknown","独立官网详情记录；同名藏品仍需核对编号或出土地点，不同URL不等于不同实物"
"顺治十三年三月二十日裁减尚宝司满汉各官谕吏部","中国国家博物馆","guobo","清","https://www.chnmuseum.cn/zp/zpml/201812/t20181218_24748.shtml","https://www.chnmuseum.cn/zp/zpml/index_31.shtml","2026-10-04T07:17:04.669Z","df12f32ac166292c3b058f6c80a5372de524126ab97150e858845453d57db685","77cc7425e3ae83e73f47.html","","candidate-detail-unread","unknown","独立官网详情记录；同名藏品仍需核对编号或出土地点，不同URL不等于不同实物"
"顺治十二年十一月二十九日谕吏部督察院各巡方御史及巡盐巡漕巡仓巡视茶马各御史严禁收蠹纳贿","中国国家博物馆","guobo","清","https://www.chnmuseum.cn/zp/zpml/201812/t20181218_24747.shtml","https://www.chnmuseum.cn/zp/zpml/index_31.shtml","2026-10-04T07:17:04.669Z","df12f32ac166292c3b058f6c80a5372de524126ab97150e858845453d57db685","77cc7425e3ae83e73f47.html","","candidate-detail-unread","unknown","独立官网详情记录；同名藏品仍需核对编号或出土地点，不同URL不等于不同实物"
"顺治十二年五月初二日任命图海为刑部尚书谕","中国国家博物馆","guobo","清","https://www.chnmuseum.cn/zp/zpml/201812/t20181218_24746.shtml","https://www.chnmuseum.cn/zp/zpml/index_31.shtml","2026-10-04T07:17:04.669Z","df12f32ac166292c3b058f6c80a5372de524126ab97150e858845453d57db685","77cc7425e3ae83e73f47.html","","candidate-detail-unread","unknown","独立官网详情记录；同名藏品仍需核对编号或出土地点，不同URL不等于不同实物"
"顺治十一年五月二十八日颁布“经国安民力行仁政”恩赦事宜三十项诏谕","中国国家博物馆","guobo","清","https://www.chnmuseum.cn/zp/zpml/201812/t20181218_24745.shtml","https://www.chnmuseum.cn/zp/zpml/index_31.shtml","2026-10-04T07:17:04.669Z","df12f32ac166292c3b058f6c80a5372de524126ab97150e858845453d57db685","77cc7425e3ae83e73f47.html","","candidate-detail-unread","unknown","独立官网详情记录；同名藏品仍需核对编号或出土地点，不同URL不等于不同实物"
"顺治七年十二月二十日皇父摄政王多尔衮丧仪合依帝礼诏","中国国家博物馆","guobo","清","https://www.chnmuseum.cn/zp/zpml/201812/t20181218_24744.shtml","https://www.chnmuseum.cn/zp/zpml/index_31.shtml","2026-10-04T07:17:04.669Z","df12f32ac166292c3b058f6c80a5372de524126ab97150e858845453d57db685","77cc7425e3ae83e73f47.html","","candidate-detail-unread","unknown","独立官网详情记录；同名藏品仍需核对编号或出土地点，不同URL不等于不同实物"
"顺治四年十月十八日宋友功升授三等阿达哈哈番诰命","中国国家博物馆","guobo","清","https://www.chnmuseum.cn/zp/zpml/201812/t20181218_24742.shtml","https://www.chnmuseum.cn/zp/zpml/index_31.shtml","2026-10-04T07:17:04.669Z","df12f32ac166292c3b058f6c80a5372de524126ab97150e858845453d57db685","77cc7425e3ae83e73f47.html","","candidate-detail-unread","unknown","独立官网详情记录；同名藏品仍需核对编号或出土地点，不同URL不等于不同实物"
"顺治四年十月十八日左有进升授三等阿达哈哈番诰命","中国国家博物馆","guobo","清","https://www.chnmuseum.cn/zp/zpml/201812/t20181218_24741.shtml","https://www.chnmuseum.cn/zp/zpml/index_32.shtml","2026-10-04T07:17:04.907Z","ff1530af4ca7aead32756561680a3f51ca51a7550a64007633d145d0be86158d","94aa695f889119f64719.html","","candidate-detail-unread","unknown","独立官网详情记录；同名藏品仍需核对编号或出土地点，不同URL不等于不同实物"
"顺治四年二月敕天下朝觐官员贪酷重惩谕","中国国家博物馆","guobo","清","https://www.chnmuseum.cn/zp/zpml/201812/t20181218_24740.shtml","https://www.chnmuseum.cn/zp/zpml/index_32.shtml","2026-10-04T07:17:04.907Z","ff1530af4ca7aead32756561680a3f51ca51a7550a64007633d145d0be86158d","94aa695f889119f64719.html","","candidate-detail-unread","unknown","独立官网详情记录；同名藏品仍需核对编号或出土地点，不同URL不等于不同实物"
"后金崇德年朝鲜国送金国礼品单","中国国家博物馆","guobo","清","https://www.chnmuseum.cn/zp/zpml/201812/t20181218_24739.shtml","https://www.chnmuseum.cn/zp/zpml/index_32.shtml","2026-10-04T07:17:04.907Z","ff1530af4ca7aead32756561680a3f51ca51a7550a64007633d145d0be86158d","94aa695f889119f64719.html","","candidate-detail-unread","unknown","独立官网详情记录；同名藏品仍需核对编号或出土地点，不同URL不等于不同实物"
"后金崇德六年十一月朝鲜国备边司堂上朴平安监司郑平安兵使李关于边民金军山李守还等情况的申报","中国国家博物馆","guobo","清","https://www.chnmuseum.cn/zp/zpml/201812/t20181218_24738.shtml","https://www.chnmuseum.cn/zp/zpml/index_32.shtml","2026-10-04T07:17:04.907Z","ff1530af4ca7aead32756561680a3f51ca51a7550a64007633d145d0be86158d","94aa695f889119f64719.html","","candidate-detail-unread","unknown","独立官网详情记录；同名藏品仍需核对编号或出土地点，不同URL不等于不同实物"
"后金崇德六年三月朝鲜国王为申报倭情差陪臣左赞成洪宝赍兵部咨文","中国国家博物馆","guobo","清","https://www.chnmuseum.cn/zp/zpml/201812/t20181218_24737.shtml","https://www.chnmuseum.cn/zp/zpml/index_32.shtml","2026-10-04T07:17:04.907Z","ff1530af4ca7aead32756561680a3f51ca51a7550a64007633d145d0be86158d","94aa695f889119f64719.html","","candidate-detail-unread","unknown","独立官网详情记录；同名藏品仍需核对编号或出土地点，不同URL不等于不同实物"
"后金崇德四年十二月十七日皇太极册封乐乐弘贝勒妃诰命","中国国家博物馆","guobo","清","https://www.chnmuseum.cn/zp/zpml/201812/t20181218_24736.shtml","https://www.chnmuseum.cn/zp/zpml/index_32.shtml","2026-10-04T07:17:04.907Z","ff1530af4ca7aead32756561680a3f51ca51a7550a64007633d145d0be86158d","94aa695f889119f64719.html","","candidate-detail-unread","unknown","独立官网详情记录；同名藏品仍需核对编号或出土地点，不同URL不等于不同实物"
"后金天聪十年二月初二日金国外藩各蒙古贝勒奉朝鲜国王书","中国国家博物馆","guobo","清","https://www.chnmuseum.cn/zp/zpml/201812/t20181218_24735.shtml","https://www.chnmuseum.cn/zp/zpml/index_32.shtml","2026-10-04T07:17:04.907Z","ff1530af4ca7aead32756561680a3f51ca51a7550a64007633d145d0be86158d","94aa695f889119f64719.html","","candidate-detail-unread","unknown","独立官网详情记录；同名藏品仍需核对编号或出土地点，不同URL不等于不同实物"
"后金天聪四年七月十一日金国汗黄太吉与海岛刘兴治等告天盟书","中国国家博物馆","guobo","清","https://www.chnmuseum.cn/zp/zpml/201812/t20181218_24734.shtml","https://www.chnmuseum.cn/zp/zpml/index_32.shtml","2026-10-04T07:17:04.907Z","ff1530af4ca7aead32756561680a3f51ca51a7550a64007633d145d0be86158d","94aa695f889119f64719.html","","candidate-detail-unread","unknown","独立官网详情记录；同名藏品仍需核对编号或出土地点，不同URL不等于不同实物"
"后金天聪四年四月金国汗致朝鲜国王书","中国国家博物馆","guobo","清","https://www.chnmuseum.cn/zp/zpml/201812/t20181218_24733.shtml","https://www.chnmuseum.cn/zp/zpml/index_32.shtml","2026-10-04T07:17:04.907Z","ff1530af4ca7aead32756561680a3f51ca51a7550a64007633d145d0be86158d","94aa695f889119f64719.html","","candidate-detail-unread","unknown","独立官网详情记录；同名藏品仍需核对编号或出土地点，不同URL不等于不同实物"
"后金覆育列国英明汗努尔哈赤委任靖安堡住民孟安邦为一堡千总管理新旧人民敕谕","中国国家博物馆","guobo","清","https://www.chnmuseum.cn/zp/zpml/201812/t20181218_24732.shtml","https://www.chnmuseum.cn/zp/zpml/index_32.shtml","2026-10-04T07:17:04.907Z","ff1530af4ca7aead32756561680a3f51ca51a7550a64007633d145d0be86158d","94aa695f889119f64719.html","","candidate-detail-unread","unknown","独立官网详情记录；同名藏品仍需核对编号或出土地点，不同URL不等于不同实物"
"明潘季驯《河防一览图》","中国国家博物馆","guobo","明","https://www.chnmuseum.cn/zp/zpml/201812/t20181218_24731.shtml","https://www.chnmuseum.cn/zp/zpml/index_32.shtml","2026-10-04T07:17:04.907Z","ff1530af4ca7aead32756561680a3f51ca51a7550a64007633d145d0be86158d","94aa695f889119f64719.html","","candidate-detail-unread","unknown","独立官网详情记录；同名藏品仍需核对编号或出土地点，不同URL不等于不同实物"
"明万历四十年周顺昌乡试卷","中国国家博物馆","guobo","明","https://www.chnmuseum.cn/zp/zpml/201812/t20181218_24729.shtml","https://www.chnmuseum.cn/zp/zpml/index_32.shtml","2026-10-04T07:17:04.907Z","ff1530af4ca7aead32756561680a3f51ca51a7550a64007633d145d0be86158d","94aa695f889119f64719.html","","candidate-detail-unread","unknown","独立官网详情记录；同名藏品仍需核对编号或出土地点，不同URL不等于不同实物"
"明万历四年顾宪成试卷稿册","中国国家博物馆","guobo","明","https://www.chnmuseum.cn/zp/zpml/201812/t20181218_24728.shtml","https://www.chnmuseum.cn/zp/zpml/index_33.shtml","2026-10-04T07:17:05.158Z","98ab49783c0f5b29551d1b0dd0ee868a65a3199e20360bf86b50ba317da8e115","f8b925cde1c8162fef5e.html","","candidate-detail-unread","unknown","独立官网详情记录；同名藏品仍需核对编号或出土地点，不同URL不等于不同实物"
"崇祯十五年二月初十日兵部为宣谕朝鲜输诚倾向共计图奴并陈各岛驻屯情形题稿及二月十三日兵部遵旨谕丽直申大义等事行稿","中国国家博物馆","guobo","明","https://www.chnmuseum.cn/zp/zpml/201812/t20181218_24720.shtml","https://www.chnmuseum.cn/zp/zpml/index_33.shtml","2026-10-04T07:17:05.158Z","98ab49783c0f5b29551d1b0dd0ee868a65a3199e20360bf86b50ba317da8e115","f8b925cde1c8162fef5e.html","","candidate-detail-unread","unknown","独立官网详情记录；同名藏品仍需核对编号或出土地点，不同URL不等于不同实物"
"崇祯十三年十月二十六日兵部致山西巡抚题行稿","中国国家博物馆","guobo","明","https://www.chnmuseum.cn/zp/zpml/201812/t20181218_24717.shtml","https://www.chnmuseum.cn/zp/zpml/index_33.shtml","2026-10-04T07:17:05.158Z","98ab49783c0f5b29551d1b0dd0ee868a65a3199e20360bf86b50ba317da8e115","f8b925cde1c8162fef5e.html","","candidate-detail-unread","unknown","独立官网详情记录；同名藏品仍需核对编号或出土地点，不同URL不等于不同实物"
"崇祯十一年二月初九日登莱巡抚杨文岳为东来船只事科抄题本","中国国家博物馆","guobo","明","https://www.chnmuseum.cn/zp/zpml/201812/t20181218_24710.shtml","https://www.chnmuseum.cn/zp/zpml/index_33.shtml","2026-10-04T07:17:05.158Z","98ab49783c0f5b29551d1b0dd0ee868a65a3199e20360bf86b50ba317da8e115","f8b925cde1c8162fef5e.html","","candidate-detail-unread","unknown","独立官网详情记录；同名藏品仍需核对编号或出土地点，不同URL不等于不同实物"
"崇祯十一年二月初九日总监关宁太监高起潜为前锋右营副将吴三桂远哨并获自东夷投奔来乡事科抄题本","中国国家博物馆","guobo","明","https://www.chnmuseum.cn/zp/zpml/201812/t20181218_24709.shtml","https://www.chnmuseum.cn/zp/zpml/index_33.shtml","2026-10-04T07:17:05.158Z","98ab49783c0f5b29551d1b0dd0ee868a65a3199e20360bf86b50ba317da8e115","f8b925cde1c8162fef5e.html","","candidate-detail-unread","unknown","独立官网详情记录；同名藏品仍需核对编号或出土地点，不同URL不等于不同实物"
"崇祯八年正月兵部为驰报近日虏情事行稿","中国国家博物馆","guobo","明","https://www.chnmuseum.cn/zp/zpml/201812/t20181218_24706.shtml","https://www.chnmuseum.cn/zp/zpml/index_33.shtml","2026-10-04T07:17:05.158Z","98ab49783c0f5b29551d1b0dd0ee868a65a3199e20360bf86b50ba317da8e115","f8b925cde1c8162fef5e.html","","candidate-detail-unread","unknown","独立官网详情记录；同名藏品仍需核对编号或出土地点，不同URL不等于不同实物"
"万历四十年朝鲜国王致礼部请罢中江关市以清疆界以防奸弊事咨文","中国国家博物馆","guobo","明","https://www.chnmuseum.cn/zp/zpml/201812/t20181218_24702.shtml","https://www.chnmuseum.cn/zp/zpml/index_33.shtml","2026-10-04T07:17:05.158Z","98ab49783c0f5b29551d1b0dd0ee868a65a3199e20360bf86b50ba317da8e115","f8b925cde1c8162fef5e.html","","candidate-detail-unread","unknown","独立官网详情记录；同名藏品仍需核对编号或出土地点，不同URL不等于不同实物"
"天启三年十一月初八日赐督察院左都御使赵南星夫妇诰命","中国国家博物馆","guobo","明","https://www.chnmuseum.cn/zp/zpml/201812/t20181218_24696.shtml","https://www.chnmuseum.cn/zp/zpml/index_33.shtml","2026-10-04T07:17:05.158Z","98ab49783c0f5b29551d1b0dd0ee868a65a3199e20360bf86b50ba317da8e115","f8b925cde1c8162fef5e.html","","candidate-detail-unread","unknown","独立官网详情记录；同名藏品仍需核对编号或出土地点，不同URL不等于不同实物"
"万历四十四年九月二十三日给番僧班着尔领真袭国师之职制诰（汉藏文合璧）","中国国家博物馆","guobo","明","https://www.chnmuseum.cn/zp/zpml/201812/t20181218_24695.shtml","https://www.chnmuseum.cn/zp/zpml/index_33.shtml","2026-10-04T07:17:05.158Z","98ab49783c0f5b29551d1b0dd0ee868a65a3199e20360bf86b50ba317da8e115","f8b925cde1c8162fef5e.html","","candidate-detail-unread","unknown","独立官网详情记录；同名藏品仍需核对编号或出土地点，不同URL不等于不同实物"
"万历十七年三月十五日赐河南布政使司右参政郭四维夫妇诰命","中国国家博物馆","guobo","明","https://www.chnmuseum.cn/zp/zpml/201812/t20181218_24693.shtml","https://www.chnmuseum.cn/zp/zpml/index_33.shtml","2026-10-04T07:17:05.158Z","98ab49783c0f5b29551d1b0dd0ee868a65a3199e20360bf86b50ba317da8e115","f8b925cde1c8162fef5e.html","","candidate-detail-unread","unknown","独立官网详情记录；同名藏品仍需核对编号或出土地点，不同URL不等于不同实物"
"正德十年六月二十六日敕谕陕西岷州卫大崇教寺下院牙儿萨族崇隆寺番僧短竹班丹袭喇嘛之职（汉藏文合璧）","中国国家博物馆","guobo","明","https://www.chnmuseum.cn/zp/zpml/201812/t20181218_24691.shtml","https://www.chnmuseum.cn/zp/zpml/index_33.shtml","2026-10-04T07:17:05.158Z","98ab49783c0f5b29551d1b0dd0ee868a65a3199e20360bf86b50ba317da8e115","f8b925cde1c8162fef5e.html","","candidate-detail-unread","unknown","独立官网详情记录；同名藏品仍需核对编号或出土地点，不同URL不等于不同实物"
"弘治四年三月初四日敕云南布政司左参议洪汉前往云南专一管理大理等府银矿","中国国家博物馆","guobo","明","https://www.chnmuseum.cn/zp/zpml/201812/t20181218_24690.shtml","https://www.chnmuseum.cn/zp/zpml/index_33.shtml","2026-10-04T07:17:05.158Z","98ab49783c0f5b29551d1b0dd0ee868a65a3199e20360bf86b50ba317da8e115","f8b925cde1c8162fef5e.html","","candidate-detail-unread","unknown","独立官网详情记录；同名藏品仍需核对编号或出土地点，不同URL不等于不同实物"
"成化十六年三月二十五日敕谕官员军民诸色人等保护崇化寺及周围山林树木，并敕命住持慧灯为僧录司左觉义仍住持崇化寺","中国国家博物馆","guobo","明","https://www.chnmuseum.cn/zp/zpml/201812/t20181218_24689.shtml","https://www.chnmuseum.cn/zp/zpml/index_34.shtml","2026-10-04T07:17:05.387Z","e337a5421c6993400111cf376ead1ce8450d6ec088009e498929ee4f57655811","ffd8388d07e254ea0d54.html","","candidate-detail-unread","unknown","独立官网详情记录；同名藏品仍需核对编号或出土地点，不同URL不等于不同实物"
"正统十三年五月十七日敕谕番僧劄失竹继承其叔奔牙失里之喇嘛职事（汉藏文合璧）","中国国家博物馆","guobo","明","https://www.chnmuseum.cn/zp/zpml/201812/t20181218_24688.shtml","https://www.chnmuseum.cn/zp/zpml/index_34.shtml","2026-10-04T07:17:05.387Z","e337a5421c6993400111cf376ead1ce8450d6ec088009e498929ee4f57655811","ffd8388d07e254ea0d54.html","","candidate-detail-unread","unknown","独立官网详情记录；同名藏品仍需核对编号或出土地点，不同URL不等于不同实物"
"洪武二十五年诰命(残)","中国国家博物馆","guobo","明","https://www.chnmuseum.cn/zp/zpml/201812/t20181218_24685.shtml","https://www.chnmuseum.cn/zp/zpml/index_34.shtml","2026-10-04T07:17:05.387Z","e337a5421c6993400111cf376ead1ce8450d6ec088009e498929ee4f57655811","ffd8388d07e254ea0d54.html","","candidate-detail-unread","unknown","独立官网详情记录；同名藏品仍需核对编号或出土地点，不同URL不等于不同实物"
"洪武二十四年赐封昭信校尉世袭百户胡迈诰命","中国国家博物馆","guobo","明","https://www.chnmuseum.cn/zp/zpml/201812/t20181218_24684.shtml","https://www.chnmuseum.cn/zp/zpml/index_34.shtml","2026-10-04T07:17:05.387Z","e337a5421c6993400111cf376ead1ce8450d6ec088009e498929ee4f57655811","ffd8388d07e254ea0d54.html","","candidate-detail-unread","unknown","独立官网详情记录；同名藏品仍需核对编号或出土地点，不同URL不等于不同实物"
"玉嵌金嵌宝石纹镜托","中国国家博物馆","guobo","清","https://www.chnmuseum.cn/zp/zpml/201812/t20181218_24683.shtml","https://www.chnmuseum.cn/zp/zpml/index_34.shtml","2026-10-04T07:17:05.387Z","e337a5421c6993400111cf376ead1ce8450d6ec088009e498929ee4f57655811","ffd8388d07e254ea0d54.html","","candidate-detail-unread","unknown","独立官网详情记录；同名藏品仍需核对编号或出土地点，不同URL不等于不同实物"
"玉狮首把柄","中国国家博物馆","guobo","清","https://www.chnmuseum.cn/zp/zpml/201812/t20181218_24682.shtml","https://www.chnmuseum.cn/zp/zpml/index_34.shtml","2026-10-04T07:17:05.387Z","e337a5421c6993400111cf376ead1ce8450d6ec088009e498929ee4f57655811","ffd8388d07e254ea0d54.html","","candidate-detail-unread","unknown","独立官网详情记录；同名藏品仍需核对编号或出土地点，不同URL不等于不同实物"
"玉嵌金嵌宝石刀把","中国国家博物馆","guobo","清","https://www.chnmuseum.cn/zp/zpml/201812/t20181218_24681.shtml","https://www.chnmuseum.cn/zp/zpml/index_34.shtml","2026-10-04T07:17:05.387Z","e337a5421c6993400111cf376ead1ce8450d6ec088009e498929ee4f57655811","ffd8388d07e254ea0d54.html","","candidate-detail-unread","unknown","独立官网详情记录；同名藏品仍需核对编号或出土地点，不同URL不等于不同实物"
"玉镶宝石嵌金八方盒","中国国家博物馆","guobo","清","https://www.chnmuseum.cn/zp/zpml/201812/t20181218_24680.shtml","https://www.chnmuseum.cn/zp/zpml/index_34.shtml","2026-10-04T07:17:05.387Z","e337a5421c6993400111cf376ead1ce8450d6ec088009e498929ee4f57655811","ffd8388d07e254ea0d54.html","","candidate-detail-unread","unknown","独立官网详情记录；同名藏品仍需核对编号或出土地点，不同URL不等于不同实物"
"玉镶宝石嵌金嵌白玉八方盒","中国国家博物馆","guobo","清","https://www.chnmuseum.cn/zp/zpml/201812/t20181218_24679.shtml","https://www.chnmuseum.cn/zp/zpml/index_34.shtml","2026-10-04T07:17:05.387Z","e337a5421c6993400111cf376ead1ce8450d6ec088009e498929ee4f57655811","ffd8388d07e254ea0d54.html","","candidate-detail-unread","unknown","独立官网详情记录；同名藏品仍需核对编号或出土地点，不同URL不等于不同实物"
"玉菊瓣形扁瓶","中国国家博物馆","guobo","清","https://www.chnmuseum.cn/zp/zpml/201812/t20181218_24678.shtml","https://www.chnmuseum.cn/zp/zpml/index_34.shtml","2026-10-04T07:17:05.387Z","e337a5421c6993400111cf376ead1ce8450d6ec088009e498929ee4f57655811","ffd8388d07e254ea0d54.html","","candidate-detail-unread","unknown","独立官网详情记录；同名藏品仍需核对编号或出土地点，不同URL不等于不同实物"
"玉诗句人物佩","中国国家博物馆","guobo","清","https://www.chnmuseum.cn/zp/zpml/201812/t20181218_24677.shtml","https://www.chnmuseum.cn/zp/zpml/index_34.shtml","2026-10-04T07:17:05.387Z","e337a5421c6993400111cf376ead1ce8450d6ec088009e498929ee4f57655811","ffd8388d07e254ea0d54.html","","candidate-detail-unread","unknown","独立官网详情记录；同名藏品仍需核对编号或出土地点，不同URL不等于不同实物"
"玉透雕龙凤纹佩","中国国家博物馆","guobo","清","https://www.chnmuseum.cn/zp/zpml/201812/t20181218_24675.shtml","https://www.chnmuseum.cn/zp/zpml/index_34.shtml","2026-10-04T07:17:05.387Z","e337a5421c6993400111cf376ead1ce8450d6ec088009e498929ee4f57655811","ffd8388d07e254ea0d54.html","","candidate-detail-unread","unknown","独立官网详情记录；同名藏品仍需核对编号或出土地点，不同URL不等于不同实物"
"玉镂雕双螭纹“宜子孙”佩","中国国家博物馆","guobo","清","https://www.chnmuseum.cn/zp/zpml/201812/t20181218_24674.shtml","https://www.chnmuseum.cn/zp/zpml/index_35.shtml","2026-10-04T07:17:05.608Z","c163c84194f4f8b5334dc62ecee9c6865190d8bdb604eaa1f789a7c3e0d95c80","30efd358cf77330a75b9.html","","candidate-detail-unread","unknown","独立官网详情记录；同名藏品仍需核对编号或出土地点，不同URL不等于不同实物"
"玉透雕三螭纹觥","中国国家博物馆","guobo","清","https://www.chnmuseum.cn/zp/zpml/201812/t20181218_24673.shtml","https://www.chnmuseum.cn/zp/zpml/index_35.shtml","2026-10-04T07:17:05.608Z","c163c84194f4f8b5334dc62ecee9c6865190d8bdb604eaa1f789a7c3e0d95c80","30efd358cf77330a75b9.html","","candidate-detail-unread","unknown","独立官网详情记录；同名藏品仍需核对编号或出土地点，不同URL不等于不同实物"
"玉饕餮纹出戟扁瓶","中国国家博物馆","guobo","清","https://www.chnmuseum.cn/zp/zpml/201812/t20181218_24672.shtml","https://www.chnmuseum.cn/zp/zpml/index_35.shtml","2026-10-04T07:17:05.608Z","c163c84194f4f8b5334dc62ecee9c6865190d8bdb604eaa1f789a7c3e0d95c80","30efd358cf77330a75b9.html","","candidate-detail-unread","unknown","独立官网详情记录；同名藏品仍需核对编号或出土地点，不同URL不等于不同实物"
"玉蕉叶兽面纹出戟觚","中国国家博物馆","guobo","清","https://www.chnmuseum.cn/zp/zpml/201812/t20181218_24671.shtml","https://www.chnmuseum.cn/zp/zpml/index_35.shtml","2026-10-04T07:17:05.608Z","c163c84194f4f8b5334dc62ecee9c6865190d8bdb604eaa1f789a7c3e0d95c80","30efd358cf77330a75b9.html","","candidate-detail-unread","unknown","独立官网详情记录；同名藏品仍需核对编号或出土地点，不同URL不等于不同实物"
"玉兽面纹环耳炉","中国国家博物馆","guobo","清","https://www.chnmuseum.cn/zp/zpml/201812/t20181218_24670.shtml","https://www.chnmuseum.cn/zp/zpml/index_35.shtml","2026-10-04T07:17:05.608Z","c163c84194f4f8b5334dc62ecee9c6865190d8bdb604eaa1f789a7c3e0d95c80","30efd358cf77330a75b9.html","","candidate-detail-unread","unknown","独立官网详情记录；同名藏品仍需核对编号或出土地点，不同URL不等于不同实物"
"玉兽面纹菱口尊","中国国家博物馆","guobo","清","https://www.chnmuseum.cn/zp/zpml/201812/t20181218_24669.shtml","https://www.chnmuseum.cn/zp/zpml/index_35.shtml","2026-10-04T07:17:05.608Z","c163c84194f4f8b5334dc62ecee9c6865190d8bdb604eaa1f789a7c3e0d95c80","30efd358cf77330a75b9.html","","candidate-detail-unread","unknown","独立官网详情记录；同名藏品仍需核对编号或出土地点，不同URL不等于不同实物"
"玉蕉叶缠枝莲纹提梁卣","中国国家博物馆","guobo","清","https://www.chnmuseum.cn/zp/zpml/201812/t20181218_24668.shtml","https://www.chnmuseum.cn/zp/zpml/index_35.shtml","2026-10-04T07:17:05.608Z","c163c84194f4f8b5334dc62ecee9c6865190d8bdb604eaa1f789a7c3e0d95c80","30efd358cf77330a75b9.html","","candidate-detail-unread","unknown","独立官网详情记录；同名藏品仍需核对编号或出土地点，不同URL不等于不同实物"
"“御制咏文房四事”诗玉册","中国国家博物馆","guobo","清","https://www.chnmuseum.cn/zp/zpml/201812/t20181218_24667.shtml","https://www.chnmuseum.cn/zp/zpml/index_35.shtml","2026-10-04T07:17:05.608Z","c163c84194f4f8b5334dc62ecee9c6865190d8bdb604eaa1f789a7c3e0d95c80","30efd358cf77330a75b9.html","","candidate-detail-unread","unknown","独立官网详情记录；同名藏品仍需核对编号或出土地点，不同URL不等于不同实物"
"玉荷花螃蟹纹砚","中国国家博物馆","guobo","清","https://www.chnmuseum.cn/zp/zpml/201812/t20181218_24666.shtml","https://www.chnmuseum.cn/zp/zpml/index_35.shtml","2026-10-04T07:17:05.608Z","c163c84194f4f8b5334dc62ecee9c6865190d8bdb604eaa1f789a7c3e0d95c80","30efd358cf77330a75b9.html","","candidate-detail-unread","unknown","独立官网详情记录；同名藏品仍需核对编号或出土地点，不同URL不等于不同实物"
"玉三星图笔筒","中国国家博物馆","guobo","清","https://www.chnmuseum.cn/zp/zpml/201812/t20181218_24665.shtml","https://www.chnmuseum.cn/zp/zpml/index_35.shtml","2026-10-04T07:17:05.608Z","c163c84194f4f8b5334dc62ecee9c6865190d8bdb604eaa1f789a7c3e0d95c80","30efd358cf77330a75b9.html","","candidate-detail-unread","unknown","独立官网详情记录；同名藏品仍需核对编号或出土地点，不同URL不等于不同实物"
"玉人物纹笔筒","中国国家博物馆","guobo","清","https://www.chnmuseum.cn/zp/zpml/201812/t20181218_24664.shtml","https://www.chnmuseum.cn/zp/zpml/index_35.shtml","2026-10-04T07:17:05.608Z","c163c84194f4f8b5334dc62ecee9c6865190d8bdb604eaa1f789a7c3e0d95c80","30efd358cf77330a75b9.html","","candidate-detail-unread","unknown","独立官网详情记录；同名藏品仍需核对编号或出土地点，不同URL不等于不同实物"
"玉莲藕笔架","中国国家博物馆","guobo","清","https://www.chnmuseum.cn/zp/zpml/201812/t20181218_24663.shtml","https://www.chnmuseum.cn/zp/zpml/index_35.shtml","2026-10-04T07:17:05.608Z","c163c84194f4f8b5334dc62ecee9c6865190d8bdb604eaa1f789a7c3e0d95c80","30efd358cf77330a75b9.html","","candidate-detail-unread","unknown","独立官网详情记录；同名藏品仍需核对编号或出土地点，不同URL不等于不同实物"
"玉松竹梅纹臂搁","中国国家博物馆","guobo","清","https://www.chnmuseum.cn/zp/zpml/201812/t20181218_24662.shtml","https://www.chnmuseum.cn/zp/zpml/index_36.shtml","2026-10-04T07:17:05.809Z","b04419f1801c62d04f5a281edaebdb594db54b689fea26776a55d3808f14d4e8","03a515813ff186fe6b0f.html","","candidate-detail-unread","unknown","独立官网详情记录；同名藏品仍需核对编号或出土地点，不同URL不等于不同实物"
"玉螭衔灵芝耳活环洗","中国国家博物馆","guobo","清","https://www.chnmuseum.cn/zp/zpml/201812/t20181218_24660.shtml","https://www.chnmuseum.cn/zp/zpml/index_36.shtml","2026-10-04T07:17:05.809Z","b04419f1801c62d04f5a281edaebdb594db54b689fea26776a55d3808f14d4e8","03a515813ff186fe6b0f.html","","candidate-detail-unread","unknown","独立官网详情记录；同名藏品仍需核对编号或出土地点，不同URL不等于不同实物"
"玉镂空喜字簪","中国国家博物馆","guobo","清","https://www.chnmuseum.cn/zp/zpml/201812/t20181218_24659.shtml","https://www.chnmuseum.cn/zp/zpml/index_36.shtml","2026-10-04T07:17:05.809Z","b04419f1801c62d04f5a281edaebdb594db54b689fea26776a55d3808f14d4e8","03a515813ff186fe6b0f.html","","candidate-detail-unread","unknown","独立官网详情记录；同名藏品仍需核对编号或出土地点，不同URL不等于不同实物"
"玉、翡翠扁方","中国国家博物馆","guobo","清","https://www.chnmuseum.cn/zp/zpml/201812/t20181218_24658.shtml","https://www.chnmuseum.cn/zp/zpml/index_36.shtml","2026-10-04T07:17:05.809Z","b04419f1801c62d04f5a281edaebdb594db54b689fea26776a55d3808f14d4e8","03a515813ff186fe6b0f.html","","candidate-detail-unread","unknown","独立官网详情记录；同名藏品仍需核对编号或出土地点，不同URL不等于不同实物"
"玉“行有恒堂”款鼻烟壶、扳指","中国国家博物馆","guobo","清","https://www.chnmuseum.cn/zp/zpml/201812/t20181218_24657.shtml","https://www.chnmuseum.cn/zp/zpml/index_36.shtml","2026-10-04T07:17:05.809Z","b04419f1801c62d04f5a281edaebdb594db54b689fea26776a55d3808f14d4e8","03a515813ff186fe6b0f.html","","candidate-detail-unread","unknown","独立官网详情记录；同名藏品仍需核对编号或出土地点，不同URL不等于不同实物"
"玉猴鼻烟壶","中国国家博物馆","guobo","清","https://www.chnmuseum.cn/zp/zpml/201812/t20181218_24656.shtml","https://www.chnmuseum.cn/zp/zpml/index_36.shtml","2026-10-04T07:17:05.809Z","b04419f1801c62d04f5a281edaebdb594db54b689fea26776a55d3808f14d4e8","03a515813ff186fe6b0f.html","","candidate-detail-unread","unknown","独立官网详情记录；同名藏品仍需核对编号或出土地点，不同URL不等于不同实物"
"水晶双耳杯","中国国家博物馆","guobo","清","https://www.chnmuseum.cn/zp/zpml/201812/t20181218_24655.shtml","https://www.chnmuseum.cn/zp/zpml/index_36.shtml","2026-10-04T07:17:05.809Z","b04419f1801c62d04f5a281edaebdb594db54b689fea26776a55d3808f14d4e8","03a515813ff186fe6b0f.html","","candidate-detail-unread","unknown","独立官网详情记录；同名藏品仍需核对编号或出土地点，不同URL不等于不同实物"
"玉渣斗","中国国家博物馆","guobo","清","https://www.chnmuseum.cn/zp/zpml/201812/t20181218_24654.shtml","https://www.chnmuseum.cn/zp/zpml/index_36.shtml","2026-10-04T07:17:05.809Z","b04419f1801c62d04f5a281edaebdb594db54b689fea26776a55d3808f14d4e8","03a515813ff186fe6b0f.html","","candidate-detail-unread","unknown","独立官网详情记录；同名藏品仍需核对编号或出土地点，不同URL不等于不同实物"
"玉寿字八宝纹盒","中国国家博物馆","guobo","清","https://www.chnmuseum.cn/zp/zpml/201812/t20181218_24653.shtml","https://www.chnmuseum.cn/zp/zpml/index_36.shtml","2026-10-04T07:17:05.809Z","b04419f1801c62d04f5a281edaebdb594db54b689fea26776a55d3808f14d4e8","03a515813ff186fe6b0f.html","","candidate-detail-unread","unknown","独立官网详情记录；同名藏品仍需核对编号或出土地点，不同URL不等于不同实物"
"玉凤鸟纹三足盖碗","中国国家博物馆","guobo","清","https://www.chnmuseum.cn/zp/zpml/201812/t20181218_24652.shtml","https://www.chnmuseum.cn/zp/zpml/index_36.shtml","2026-10-04T07:17:05.809Z","b04419f1801c62d04f5a281edaebdb594db54b689fea26776a55d3808f14d4e8","03a515813ff186fe6b0f.html","","candidate-detail-unread","unknown","独立官网详情记录；同名藏品仍需核对编号或出土地点，不同URL不等于不同实物"
"玉刻花诗文盖碗","中国国家博物馆","guobo","清","https://www.chnmuseum.cn/zp/zpml/201812/t20181218_24651.shtml","https://www.chnmuseum.cn/zp/zpml/index_36.shtml","2026-10-04T07:17:05.809Z","b04419f1801c62d04f5a281edaebdb594db54b689fea26776a55d3808f14d4e8","03a515813ff186fe6b0f.html","","candidate-detail-unread","unknown","独立官网详情记录；同名藏品仍需核对编号或出土地点，不同URL不等于不同实物"
"玉盖碗","中国国家博物馆","guobo","清","https://www.chnmuseum.cn/zp/zpml/201812/t20181218_24650.shtml","https://www.chnmuseum.cn/zp/zpml/index_36.shtml","2026-10-04T07:17:05.809Z","b04419f1801c62d04f5a281edaebdb594db54b689fea26776a55d3808f14d4e8","03a515813ff186fe6b0f.html","","candidate-detail-unread","unknown","独立官网详情记录；同名藏品仍需核对编号或出土地点，不同URL不等于不同实物"
"玛瑙花口灵芝耳杯盘","中国国家博物馆","guobo","清","https://www.chnmuseum.cn/zp/zpml/201812/t20181218_24649.shtml","https://www.chnmuseum.cn/zp/zpml/index_37.shtml","2026-10-04T07:17:06.007Z","73aee1c8cf922cdbf785a96bc4580324af160378e4f73a80626d3e25d3442a60","14a6ac36c34a68bbb34c.html","","candidate-detail-unread","unknown","独立官网详情记录；同名藏品仍需核对编号或出土地点，不同URL不等于不同实物"
"玉狮","中国国家博物馆","guobo","清","https://www.chnmuseum.cn/zp/zpml/201812/t20181218_24648.shtml","https://www.chnmuseum.cn/zp/zpml/index_37.shtml","2026-10-04T07:17:06.007Z","73aee1c8cf922cdbf785a96bc4580324af160378e4f73a80626d3e25d3442a60","14a6ac36c34a68bbb34c.html","","candidate-detail-unread","unknown","独立官网详情记录；同名藏品仍需核对编号或出土地点，不同URL不等于不同实物"
"玉双獾","中国国家博物馆","guobo","清","https://www.chnmuseum.cn/zp/zpml/201812/t20181218_24647.shtml","https://www.chnmuseum.cn/zp/zpml/index_37.shtml","2026-10-04T07:17:06.007Z","73aee1c8cf922cdbf785a96bc4580324af160378e4f73a80626d3e25d3442a60","14a6ac36c34a68bbb34c.html","","candidate-detail-unread","unknown","独立官网详情记录；同名藏品仍需核对编号或出土地点，不同URL不等于不同实物"
"玉童子","中国国家博物馆","guobo","清","https://www.chnmuseum.cn/zp/zpml/201812/t20181218_24646.shtml","https://www.chnmuseum.cn/zp/zpml/index_37.shtml","2026-10-04T07:17:06.007Z","73aee1c8cf922cdbf785a96bc4580324af160378e4f73a80626d3e25d3442a60","14a6ac36c34a68bbb34c.html","","candidate-detail-unread","unknown","独立官网详情记录；同名藏品仍需核对编号或出土地点，不同URL不等于不同实物"
"玉山水人物图山子","中国国家博物馆","guobo","清","https://www.chnmuseum.cn/zp/zpml/201812/t20181218_24645.shtml","https://www.chnmuseum.cn/zp/zpml/index_37.shtml","2026-10-04T07:17:06.007Z","73aee1c8cf922cdbf785a96bc4580324af160378e4f73a80626d3e25d3442a60","14a6ac36c34a68bbb34c.html","","candidate-detail-unread","unknown","独立官网详情记录；同名藏品仍需核对编号或出土地点，不同URL不等于不同实物"
"玉福寿纹如意","中国国家博物馆","guobo","清","https://www.chnmuseum.cn/zp/zpml/201812/t20181218_24644.shtml","https://www.chnmuseum.cn/zp/zpml/index_37.shtml","2026-10-04T07:17:06.007Z","73aee1c8cf922cdbf785a96bc4580324af160378e4f73a80626d3e25d3442a60","14a6ac36c34a68bbb34c.html","","candidate-detail-unread","unknown","独立官网详情记录；同名藏品仍需核对编号或出土地点，不同URL不等于不同实物"
"御题花鸟纹玉如意","中国国家博物馆","guobo","清","https://www.chnmuseum.cn/zp/zpml/201812/t20181218_24643.shtml","https://www.chnmuseum.cn/zp/zpml/index_37.shtml","2026-10-04T07:17:06.007Z","73aee1c8cf922cdbf785a96bc4580324af160378e4f73a80626d3e25d3442a60","14a6ac36c34a68bbb34c.html","","candidate-detail-unread","unknown","独立官网详情记录；同名藏品仍需核对编号或出土地点，不同URL不等于不同实物"
"玉鱼龙形花插","中国国家博物馆","guobo","清","https://www.chnmuseum.cn/zp/zpml/201812/t20181218_24642.shtml","https://www.chnmuseum.cn/zp/zpml/index_37.shtml","2026-10-04T07:17:06.007Z","73aee1c8cf922cdbf785a96bc4580324af160378e4f73a80626d3e25d3442a60","14a6ac36c34a68bbb34c.html","","candidate-detail-unread","unknown","独立官网详情记录；同名藏品仍需核对编号或出土地点，不同URL不等于不同实物"
"玉佛手灵芝花插","中国国家博物馆","guobo","清","https://www.chnmuseum.cn/zp/zpml/201812/t20181218_24641.shtml","https://www.chnmuseum.cn/zp/zpml/index_37.shtml","2026-10-04T07:17:06.007Z","73aee1c8cf922cdbf785a96bc4580324af160378e4f73a80626d3e25d3442a60","14a6ac36c34a68bbb34c.html","","candidate-detail-unread","unknown","独立官网详情记录；同名藏品仍需核对编号或出土地点，不同URL不等于不同实物"
"玉镂雕牡丹纹香熏","中国国家博物馆","guobo","清","https://www.chnmuseum.cn/zp/zpml/201812/t20181218_24640.shtml","https://www.chnmuseum.cn/zp/zpml/index_37.shtml","2026-10-04T07:17:06.007Z","73aee1c8cf922cdbf785a96bc4580324af160378e4f73a80626d3e25d3442a60","14a6ac36c34a68bbb34c.html","","candidate-detail-unread","unknown","独立官网详情记录；同名藏品仍需核对编号或出土地点，不同URL不等于不同实物"
"玉镂雕菊花纹花熏","中国国家博物馆","guobo","清","https://www.chnmuseum.cn/zp/zpml/201812/t20181218_24639.shtml","https://www.chnmuseum.cn/zp/zpml/index_37.shtml","2026-10-04T07:17:06.007Z","73aee1c8cf922cdbf785a96bc4580324af160378e4f73a80626d3e25d3442a60","14a6ac36c34a68bbb34c.html","","candidate-detail-unread","unknown","独立官网详情记录；同名藏品仍需核对编号或出土地点，不同URL不等于不同实物"
"玉镂雕牡丹纹花熏","中国国家博物馆","guobo","清","https://www.chnmuseum.cn/zp/zpml/201812/t20181218_24638.shtml","https://www.chnmuseum.cn/zp/zpml/index_37.shtml","2026-10-04T07:17:06.007Z","73aee1c8cf922cdbf785a96bc4580324af160378e4f73a80626d3e25d3442a60","14a6ac36c34a68bbb34c.html","","candidate-detail-unread","unknown","独立官网详情记录；同名藏品仍需核对编号或出土地点，不同URL不等于不同实物"
"水晶镂雕三螭花果纹瓶","中国国家博物馆","guobo","清","https://www.chnmuseum.cn/zp/zpml/201812/t20181218_24637.shtml","https://www.chnmuseum.cn/zp/zpml/index_38.shtml","2026-10-04T07:17:06.186Z","477819f96e9f5cac6278728f862491746ffb439e67662c3540643bf21d788b3d","4c924f435c5eba31077c.html","","candidate-detail-unread","unknown","独立官网详情记录；同名藏品仍需核对编号或出土地点，不同URL不等于不同实物"
"青金石朝珠","中国国家博物馆","guobo","清","https://www.chnmuseum.cn/zp/zpml/201812/t20181218_24636.shtml","https://www.chnmuseum.cn/zp/zpml/index_38.shtml","2026-10-04T07:17:06.186Z","477819f96e9f5cac6278728f862491746ffb439e67662c3540643bf21d788b3d","4c924f435c5eba31077c.html","","candidate-detail-unread","unknown","独立官网详情记录；同名藏品仍需核对编号或出土地点，不同URL不等于不同实物"
"“宣宗成皇帝之宝”玉印","中国国家博物馆","guobo","清","https://www.chnmuseum.cn/zp/zpml/201812/t20181218_24635.shtml","https://www.chnmuseum.cn/zp/zpml/index_38.shtml","2026-10-04T07:17:06.186Z","477819f96e9f5cac6278728f862491746ffb439e67662c3540643bf21d788b3d","4c924f435c5eba31077c.html","","candidate-detail-unread","unknown","独立官网详情记录；同名藏品仍需核对编号或出土地点，不同URL不等于不同实物"
"“笃恭殿宝”玉印","中国国家博物馆","guobo","清","https://www.chnmuseum.cn/zp/zpml/201812/t20181218_24634.shtml","https://www.chnmuseum.cn/zp/zpml/index_38.shtml","2026-10-04T07:17:06.186Z","477819f96e9f5cac6278728f862491746ffb439e67662c3540643bf21d788b3d","4c924f435c5eba31077c.html","","candidate-detail-unread","unknown","独立官网详情记录；同名藏品仍需核对编号或出土地点，不同URL不等于不同实物"
"玉马镫","中国国家博物馆","guobo","明","https://www.chnmuseum.cn/zp/zpml/201812/t20181218_24633.shtml","https://www.chnmuseum.cn/zp/zpml/index_38.shtml","2026-10-04T07:17:06.186Z","477819f96e9f5cac6278728f862491746ffb439e67662c3540643bf21d788b3d","4c924f435c5eba31077c.html","","candidate-detail-unread","unknown","独立官网详情记录；同名藏品仍需核对编号或出土地点，不同URL不等于不同实物"
"玉发冠","中国国家博物馆","guobo","明","https://www.chnmuseum.cn/zp/zpml/201812/t20181218_24632.shtml","https://www.chnmuseum.cn/zp/zpml/index_38.shtml","2026-10-04T07:17:06.186Z","477819f96e9f5cac6278728f862491746ffb439e67662c3540643bf21d788b3d","4c924f435c5eba31077c.html","","candidate-detail-unread","unknown","独立官网详情记录；同名藏品仍需核对编号或出土地点，不同URL不等于不同实物"
"玉云螭纹发簪","中国国家博物馆","guobo","明","https://www.chnmuseum.cn/zp/zpml/201812/t20181218_24631.shtml","https://www.chnmuseum.cn/zp/zpml/index_38.shtml","2026-10-04T07:17:06.186Z","477819f96e9f5cac6278728f862491746ffb439e67662c3540643bf21d788b3d","4c924f435c5eba31077c.html","","candidate-detail-unread","unknown","独立官网详情记录；同名藏品仍需核对编号或出土地点，不同URL不等于不同实物"
"玉鸟首带钩","中国国家博物馆","guobo","明","https://www.chnmuseum.cn/zp/zpml/201812/t20181218_24630.shtml","https://www.chnmuseum.cn/zp/zpml/index_38.shtml","2026-10-04T07:17:06.186Z","477819f96e9f5cac6278728f862491746ffb439e67662c3540643bf21d788b3d","4c924f435c5eba31077c.html","","candidate-detail-unread","unknown","独立官网详情记录；同名藏品仍需核对编号或出土地点，不同URL不等于不同实物"
"玉兔","中国国家博物馆","guobo","明","https://www.chnmuseum.cn/zp/zpml/201812/t20181218_24629.shtml","https://www.chnmuseum.cn/zp/zpml/index_38.shtml","2026-10-04T07:17:06.186Z","477819f96e9f5cac6278728f862491746ffb439e67662c3540643bf21d788b3d","4c924f435c5eba31077c.html","","candidate-detail-unread","unknown","独立官网详情记录；同名藏品仍需核对编号或出土地点，不同URL不等于不同实物"
"玉卧鹿","中国国家博物馆","guobo","明","https://www.chnmuseum.cn/zp/zpml/201812/t20181218_24628.shtml","https://www.chnmuseum.cn/zp/zpml/index_38.shtml","2026-10-04T07:17:06.186Z","477819f96e9f5cac6278728f862491746ffb439e67662c3540643bf21d788b3d","4c924f435c5eba31077c.html","","candidate-detail-unread","unknown","独立官网详情记录；同名藏品仍需核对编号或出土地点，不同URL不等于不同实物"
"玉莲鱼","中国国家博物馆","guobo","明","https://www.chnmuseum.cn/zp/zpml/201812/t20181218_24627.shtml","https://www.chnmuseum.cn/zp/zpml/index_38.shtml","2026-10-04T07:17:06.186Z","477819f96e9f5cac6278728f862491746ffb439e67662c3540643bf21d788b3d","4c924f435c5eba31077c.html","","candidate-detail-unread","unknown","独立官网详情记录；同名藏品仍需核对编号或出土地点，不同URL不等于不同实物"
"玉螭纽印","中国国家博物馆","guobo","明","https://www.chnmuseum.cn/zp/zpml/201812/t20181218_24626.shtml","https://www.chnmuseum.cn/zp/zpml/index_38.shtml","2026-10-04T07:17:06.186Z","477819f96e9f5cac6278728f862491746ffb439e67662c3540643bf21d788b3d","4c924f435c5eba31077c.html","","candidate-detail-unread","unknown","独立官网详情记录；同名藏品仍需核对编号或出土地点，不同URL不等于不同实物"
"玉凤纹方盒","中国国家博物馆","guobo","明","https://www.chnmuseum.cn/zp/zpml/201812/t20181218_24625.shtml","https://www.chnmuseum.cn/zp/zpml/index_39.shtml","2026-10-04T07:17:06.391Z","00dc8214bb9393f8b8c5fbdb1731188991dba52c9a872987137e75df000dde77","fc8306b3c5dd59a83874.html","","candidate-detail-unread","unknown","独立官网详情记录；同名藏品仍需核对编号或出土地点，不同URL不等于不同实物"
"云螭纹玉笔","中国国家博物馆","guobo","明","https://www.chnmuseum.cn/zp/zpml/201812/t20181218_24623.shtml","https://www.chnmuseum.cn/zp/zpml/index_39.shtml","2026-10-04T07:17:06.391Z","00dc8214bb9393f8b8c5fbdb1731188991dba52c9a872987137e75df000dde77","fc8306b3c5dd59a83874.html","","candidate-detail-unread","unknown","独立官网详情记录；同名藏品仍需核对编号或出土地点，不同URL不等于不同实物"
"玉竹节纹笔筒","中国国家博物馆","guobo","明","https://www.chnmuseum.cn/zp/zpml/201812/t20181218_24622.shtml","https://www.chnmuseum.cn/zp/zpml/index_39.shtml","2026-10-04T07:17:06.391Z","00dc8214bb9393f8b8c5fbdb1731188991dba52c9a872987137e75df000dde77","fc8306b3c5dd59a83874.html","","candidate-detail-unread","unknown","独立官网详情记录；同名藏品仍需核对编号或出土地点，不同URL不等于不同实物"
"玉莲瓣寿字纹执壶","中国国家博物馆","guobo","明","https://www.chnmuseum.cn/zp/zpml/201812/t20181218_24621.shtml","https://www.chnmuseum.cn/zp/zpml/index_39.shtml","2026-10-04T07:17:06.391Z","00dc8214bb9393f8b8c5fbdb1731188991dba52c9a872987137e75df000dde77","fc8306b3c5dd59a83874.html","","candidate-detail-unread","unknown","独立官网详情记录；同名藏品仍需核对编号或出土地点，不同URL不等于不同实物"
"玉龙凤纹执壶","中国国家博物馆","guobo","明","https://www.chnmuseum.cn/zp/zpml/201812/t20181218_24620.shtml","https://www.chnmuseum.cn/zp/zpml/index_39.shtml","2026-10-04T07:17:06.391Z","00dc8214bb9393f8b8c5fbdb1731188991dba52c9a872987137e75df000dde77","fc8306b3c5dd59a83874.html","","candidate-detail-unread","unknown","独立官网详情记录；同名藏品仍需核对编号或出土地点，不同URL不等于不同实物"
"玉鹤鹿同春纹碗","中国国家博物馆","guobo","明","https://www.chnmuseum.cn/zp/zpml/201812/t20181218_24619.shtml","https://www.chnmuseum.cn/zp/zpml/index_39.shtml","2026-10-04T07:17:06.391Z","00dc8214bb9393f8b8c5fbdb1731188991dba52c9a872987137e75df000dde77","fc8306b3c5dd59a83874.html","","candidate-detail-unread","unknown","独立官网详情记录；同名藏品仍需核对编号或出土地点，不同URL不等于不同实物"
"玉花耳荷鹭纹杯盘","中国国家博物馆","guobo","明","https://www.chnmuseum.cn/zp/zpml/201812/t20181218_24618.shtml","https://www.chnmuseum.cn/zp/zpml/index_39.shtml","2026-10-04T07:17:06.391Z","00dc8214bb9393f8b8c5fbdb1731188991dba52c9a872987137e75df000dde77","fc8306b3c5dd59a83874.html","","candidate-detail-unread","unknown","独立官网详情记录；同名藏品仍需核对编号或出土地点，不同URL不等于不同实物"
"琥珀透雕龙纹杯","中国国家博物馆","guobo","明","https://www.chnmuseum.cn/zp/zpml/201812/t20181218_24617.shtml","https://www.chnmuseum.cn/zp/zpml/index_39.shtml","2026-10-04T07:17:06.391Z","00dc8214bb9393f8b8c5fbdb1731188991dba52c9a872987137e75df000dde77","fc8306b3c5dd59a83874.html","","candidate-detail-unread","unknown","独立官网详情记录；同名藏品仍需核对编号或出土地点，不同URL不等于不同实物"
"玉镂雕荷花鹭鸶纹莲瓣杯","中国国家博物馆","guobo","明","https://www.chnmuseum.cn/zp/zpml/201812/t20181218_24616.shtml","https://www.chnmuseum.cn/zp/zpml/index_39.shtml","2026-10-04T07:17:06.391Z","00dc8214bb9393f8b8c5fbdb1731188991dba52c9a872987137e75df000dde77","fc8306b3c5dd59a83874.html","","candidate-detail-unread","unknown","独立官网详情记录；同名藏品仍需核对编号或出土地点，不同URL不等于不同实物"
"玉透雕三螭杯","中国国家博物馆","guobo","明","https://www.chnmuseum.cn/zp/zpml/201812/t20181218_24615.shtml","https://www.chnmuseum.cn/zp/zpml/index_39.shtml","2026-10-04T07:17:06.391Z","00dc8214bb9393f8b8c5fbdb1731188991dba52c9a872987137e75df000dde77","fc8306b3c5dd59a83874.html","","candidate-detail-unread","unknown","独立官网详情记录；同名藏品仍需核对编号或出土地点，不同URL不等于不同实物"
"玉双螭耳回纹杯","中国国家博物馆","guobo","明","https://www.chnmuseum.cn/zp/zpml/201812/t20181218_24614.shtml","https://www.chnmuseum.cn/zp/zpml/index_39.shtml","2026-10-04T07:17:06.391Z","00dc8214bb9393f8b8c5fbdb1731188991dba52c9a872987137e75df000dde77","fc8306b3c5dd59a83874.html","","candidate-detail-unread","unknown","独立官网详情记录；同名藏品仍需核对编号或出土地点，不同URL不等于不同实物"
"玉双螭耳杯","中国国家博物馆","guobo","明","https://www.chnmuseum.cn/zp/zpml/201812/t20181218_24613.shtml","https://www.chnmuseum.cn/zp/zpml/index_39.shtml","2026-10-04T07:17:06.391Z","00dc8214bb9393f8b8c5fbdb1731188991dba52c9a872987137e75df000dde77","fc8306b3c5dd59a83874.html","","candidate-detail-unread","unknown","独立官网详情记录；同名藏品仍需核对编号或出土地点，不同URL不等于不同实物"
"原始青瓷提梁三足盉","深圳博物馆","shenzhen-city","","https://shenzhenmuseum.com/webCollection/collectionDetail?lmType=L0303&resId=bcc2238c9ef742c39107618d3fe4832a","https://shenzhenmuseum.com/webCollection/list1?lmType=L0303&pageNo=1&pageSize=160&platform=0&isAll=1","2026-10-04T07:17:08.282Z","a2813a5bb9d3013dd888f60737450a1b8f2b9bcdb248cea46cd3eac50e5beb53","0d4fe99b11594df9f850.html","bcc2238c9ef742c39107618d3fe4832a","candidate-detail-unread","unknown","官方藏品记录resId，未视为实物馆藏编号"
"卵白釉“枢府”铭印花碗","深圳博物馆","shenzhen-city","","https://shenzhenmuseum.com/webCollection/collectionDetail?lmType=L0303&resId=f45a02e267cd4a059d6ee7a7f5187ad8","https://shenzhenmuseum.com/webCollection/list1?lmType=L0303&pageNo=1&pageSize=160&platform=0&isAll=1","2026-10-04T07:17:08.282Z","a2813a5bb9d3013dd888f60737450a1b8f2b9bcdb248cea46cd3eac50e5beb53","0d4fe99b11594df9f850.html","f45a02e267cd4a059d6ee7a7f5187ad8","candidate-detail-unread","unknown","官方藏品记录resId，未视为实物馆藏编号"
"三彩白马","深圳博物馆","shenzhen-city","","https://shenzhenmuseum.com/webCollection/collectionDetail?lmType=L0303&resId=3711a7b920f2463882e257931f4085af","https://shenzhenmuseum.com/webCollection/list1?lmType=L0303&pageNo=1&pageSize=160&platform=0&isAll=1","2026-10-04T07:17:08.282Z","a2813a5bb9d3013dd888f60737450a1b8f2b9bcdb248cea46cd3eac50e5beb53","0d4fe99b11594df9f850.html","3711a7b920f2463882e257931f4085af","candidate-detail-unread","unknown","官方藏品记录resId，未视为实物馆藏编号"
"黑陶嵌铜泡钉双耳壶","深圳博物馆","shenzhen-city","","https://shenzhenmuseum.com/webCollection/collectionDetail?lmType=L0303&resId=3bb9195df3ff4e6fb9e70ca6fca8ef49","https://shenzhenmuseum.com/webCollection/list1?lmType=L0303&pageNo=1&pageSize=160&platform=0&isAll=1","2026-10-04T07:17:08.282Z","a2813a5bb9d3013dd888f60737450a1b8f2b9bcdb248cea46cd3eac50e5beb53","0d4fe99b11594df9f850.html","3bb9195df3ff4e6fb9e70ca6fca8ef49","candidate-detail-unread","unknown","官方藏品记录resId，未视为实物馆藏编号"
"双耳红陶壶","深圳博物馆","shenzhen-city","","https://shenzhenmuseum.com/webCollection/collectionDetail?lmType=L0303&resId=760a0145937b4c0eae7617c984dbf6a3","https://shenzhenmuseum.com/webCollection/list1?lmType=L0303&pageNo=1&pageSize=160&platform=0&isAll=1","2026-10-04T07:17:08.282Z","a2813a5bb9d3013dd888f60737450a1b8f2b9bcdb248cea46cd3eac50e5beb53","0d4fe99b11594df9f850.html","760a0145937b4c0eae7617c984dbf6a3","candidate-detail-unread","unknown","官方藏品记录resId，未视为实物馆藏编号"
"龙泉窑青釉褐彩连座梅瓶","深圳博物馆","shenzhen-city","","https://shenzhenmuseum.com/webCollection/collectionDetail?lmType=L0303&resId=969d740627de4925887c41d9932188c2","https://shenzhenmuseum.com/webCollection/list1?lmType=L0303&pageNo=1&pageSize=160&platform=0&isAll=1","2026-10-04T07:17:08.282Z","a2813a5bb9d3013dd888f60737450a1b8f2b9bcdb248cea46cd3eac50e5beb53","0d4fe99b11594df9f850.html","969d740627de4925887c41d9932188c2","candidate-detail-unread","unknown","官方藏品记录resId，未视为实物馆藏编号"
"青白瓷狮钮盖注子","深圳博物馆","shenzhen-city","","https://shenzhenmuseum.com/webCollection/collectionDetail?lmType=L0303&resId=3983807baa1b4487b74af212196ee81a","https://shenzhenmuseum.com/webCollection/list1?lmType=L0303&pageNo=1&pageSize=160&platform=0&isAll=1","2026-10-04T07:17:08.282Z","a2813a5bb9d3013dd888f60737450a1b8f2b9bcdb248cea46cd3eac50e5beb53","0d4fe99b11594df9f850.html","3983807baa1b4487b74af212196ee81a","candidate-detail-unread","unknown","官方藏品记录resId，未视为实物馆藏编号"
"白地黑花开光诗文八方枕","深圳博物馆","shenzhen-city","","https://shenzhenmuseum.com/webCollection/collectionDetail?lmType=L0303&resId=5b16a83342a649f5a35877c8e90b9bac","https://shenzhenmuseum.com/webCollection/list1?lmType=L0303&pageNo=1&pageSize=160&platform=0&isAll=1","2026-10-04T07:17:08.282Z","a2813a5bb9d3013dd888f60737450a1b8f2b9bcdb248cea46cd3eac50e5beb53","0d4fe99b11594df9f850.html","5b16a83342a649f5a35877c8e90b9bac","candidate-detail-unread","unknown","官方藏品记录resId，未视为实物馆藏编号"
"青瓷划花莲瓣纹四系罐","深圳博物馆","shenzhen-city","","https://shenzhenmuseum.com/webCollection/collectionDetail?lmType=L0303&resId=01ff81a56a2e42bdb6eb82239d853f96","https://shenzhenmuseum.com/webCollection/list1?lmType=L0303&pageNo=1&pageSize=160&platform=0&isAll=1","2026-10-04T07:17:08.282Z","a2813a5bb9d3013dd888f60737450a1b8f2b9bcdb248cea46cd3eac50e5beb53","0d4fe99b11594df9f850.html","01ff81a56a2e42bdb6eb82239d853f96","candidate-detail-unread","unknown","官方藏品记录resId，未视为实物馆藏编号"
"青白瓷四耳盖罐","深圳博物馆","shenzhen-city","","https://shenzhenmuseum.com/webCollection/collectionDetail?lmType=L0303&resId=72ce98939cf84886b0e03f13ae1cc847","https://shenzhenmuseum.com/webCollection/list1?lmType=L0303&pageNo=1&pageSize=160&platform=0&isAll=1","2026-10-04T07:17:08.282Z","a2813a5bb9d3013dd888f60737450a1b8f2b9bcdb248cea46cd3eac50e5beb53","0d4fe99b11594df9f850.html","72ce98939cf84886b0e03f13ae1cc847","candidate-detail-unread","unknown","官方藏品记录resId，未视为实物馆藏编号"
"青白瓷堆塑蟠龙带盖魂瓶","深圳博物馆","shenzhen-city","","https://shenzhenmuseum.com/webCollection/collectionDetail?lmType=L0303&resId=fc39b525ad8f47aabc15520c03c44f39","https://shenzhenmuseum.com/webCollection/list1?lmType=L0303&pageNo=1&pageSize=160&platform=0&isAll=1","2026-10-04T07:17:08.282Z","a2813a5bb9d3013dd888f60737450a1b8f2b9bcdb248cea46cd3eac50e5beb53","0d4fe99b11594df9f850.html","fc39b525ad8f47aabc15520c03c44f39","candidate-detail-unread","unknown","官方藏品记录resId，未视为实物馆藏编号"
"青白瓷瓜棱多角盖罐","深圳博物馆","shenzhen-city","","https://shenzhenmuseum.com/webCollection/collectionDetail?lmType=L0303&resId=cbdb5109cc7e485aa3ce010cb3dcba7f","https://shenzhenmuseum.com/webCollection/list1?lmType=L0303&pageNo=1&pageSize=160&platform=0&isAll=1","2026-10-04T07:17:08.282Z","a2813a5bb9d3013dd888f60737450a1b8f2b9bcdb248cea46cd3eac50e5beb53","0d4fe99b11594df9f850.html","cbdb5109cc7e485aa3ce010cb3dcba7f","candidate-detail-unread","unknown","官方藏品记录resId，未视为实物馆藏编号"
"王问草书杂咏诗卷","深圳博物馆","shenzhen-city","","https://shenzhenmuseum.com/webCollection/collectionDetail?lmType=L0303&resId=238f891bde054b6e90af75e85a704ac8","https://shenzhenmuseum.com/webCollection/list1?lmType=L0303&pageNo=1&pageSize=160&platform=0&isAll=1","2026-10-04T07:17:08.282Z","a2813a5bb9d3013dd888f60737450a1b8f2b9bcdb248cea46cd3eac50e5beb53","0d4fe99b11594df9f850.html","238f891bde054b6e90af75e85a704ac8","candidate-detail-unread","unknown","官方藏品记录resId，未视为实物馆藏编号"
"灰陶井","深圳博物馆","shenzhen-city","","https://shenzhenmuseum.com/webCollection/collectionDetail?lmType=L0303&resId=ee2444a22e2547df962d3370b7ef1a69","https://shenzhenmuseum.com/webCollection/list1?lmType=L0303&pageNo=1&pageSize=160&platform=0&isAll=1","2026-10-04T07:17:08.282Z","a2813a5bb9d3013dd888f60737450a1b8f2b9bcdb248cea46cd3eac50e5beb53","0d4fe99b11594df9f850.html","ee2444a22e2547df962d3370b7ef1a69","candidate-detail-unread","unknown","官方藏品记录resId，未视为实物馆藏编号"
"“汪家合子记”青白瓷印花盒","深圳博物馆","shenzhen-city","","https://shenzhenmuseum.com/webCollection/collectionDetail?lmType=L0303&resId=b5acb841182f4d3b99d87848a5df45a3","https://shenzhenmuseum.com/webCollection/list1?lmType=L0303&pageNo=1&pageSize=160&platform=0&isAll=1","2026-10-04T07:17:08.282Z","a2813a5bb9d3013dd888f60737450a1b8f2b9bcdb248cea46cd3eac50e5beb53","0d4fe99b11594df9f850.html","b5acb841182f4d3b99d87848a5df45a3","candidate-detail-unread","unknown","官方藏品记录resId，未视为实物馆藏编号"
"青白瓷印花子母盒","深圳博物馆","shenzhen-city","","https://shenzhenmuseum.com/webCollection/collectionDetail?lmType=L0303&resId=ad2038579ced497e85e25b5424360ef3","https://shenzhenmuseum.com/webCollection/list1?lmType=L0303&pageNo=1&pageSize=160&platform=0&isAll=1","2026-10-04T07:17:08.282Z","a2813a5bb9d3013dd888f60737450a1b8f2b9bcdb248cea46cd3eac50e5beb53","0d4fe99b11594df9f850.html","ad2038579ced497e85e25b5424360ef3","candidate-detail-unread","unknown","官方藏品记录resId，未视为实物馆藏编号"
"定窑白瓷花口折腰碗","深圳博物馆","shenzhen-city","","https://shenzhenmuseum.com/webCollection/collectionDetail?lmType=L0303&resId=9f20c7b9c71b4c09bffe807a9a93cc96","https://shenzhenmuseum.com/webCollection/list1?lmType=L0303&pageNo=1&pageSize=160&platform=0&isAll=1","2026-10-04T07:17:08.282Z","a2813a5bb9d3013dd888f60737450a1b8f2b9bcdb248cea46cd3eac50e5beb53","0d4fe99b11594df9f850.html","9f20c7b9c71b4c09bffe807a9a93cc96","candidate-detail-unread","unknown","官方藏品记录resId，未视为实物馆藏编号"
"哥釉贯耳穿带瓶","深圳博物馆","shenzhen-city","","https://shenzhenmuseum.com/webCollection/collectionDetail?lmType=L0303&resId=0cd27e8814f2492e99e00611b34b35d0","https://shenzhenmuseum.com/webCollection/list1?lmType=L0303&pageNo=1&pageSize=160&platform=0&isAll=1","2026-10-04T07:17:08.282Z","a2813a5bb9d3013dd888f60737450a1b8f2b9bcdb248cea46cd3eac50e5beb53","0d4fe99b11594df9f850.html","0cd27e8814f2492e99e00611b34b35d0","candidate-detail-unread","unknown","官方藏品记录resId，未视为实物馆藏编号"
"青白瓷镂孔香薰","深圳博物馆","shenzhen-city","","https://shenzhenmuseum.com/webCollection/collectionDetail?lmType=L0303&resId=ec55d41ae747479abdd34a0bb7314ab0","https://shenzhenmuseum.com/webCollection/list1?lmType=L0303&pageNo=1&pageSize=160&platform=0&isAll=1","2026-10-04T07:17:08.282Z","a2813a5bb9d3013dd888f60737450a1b8f2b9bcdb248cea46cd3eac50e5beb53","0d4fe99b11594df9f850.html","ec55d41ae747479abdd34a0bb7314ab0","candidate-detail-unread","unknown","官方藏品记录resId，未视为实物馆藏编号"
"耀州窑青釉刻花玉壶春瓶","深圳博物馆","shenzhen-city","","https://shenzhenmuseum.com/webCollection/collectionDetail?lmType=L0303&resId=de860eae39ae45f2a6aae697fd8bb87e","https://shenzhenmuseum.com/webCollection/list1?lmType=L0303&pageNo=1&pageSize=160&platform=0&isAll=1","2026-10-04T07:17:08.282Z","a2813a5bb9d3013dd888f60737450a1b8f2b9bcdb248cea46cd3eac50e5beb53","0d4fe99b11594df9f850.html","de860eae39ae45f2a6aae697fd8bb87e","candidate-detail-unread","unknown","官方藏品记录resId，未视为实物馆藏编号"
"白瓷龙柄壶","深圳博物馆","shenzhen-city","","https://shenzhenmuseum.com/webCollection/collectionDetail?lmType=L0303&resId=9621130cb129472b9826f64d64a21204","https://shenzhenmuseum.com/webCollection/list1?lmType=L0303&pageNo=1&pageSize=160&platform=0&isAll=1","2026-10-04T07:17:08.282Z","a2813a5bb9d3013dd888f60737450a1b8f2b9bcdb248cea46cd3eac50e5beb53","0d4fe99b11594df9f850.html","9621130cb129472b9826f64d64a21204","candidate-detail-unread","unknown","官方藏品记录resId，未视为实物馆藏编号"
"青白瓷堆塑人物带盖魂瓶","深圳博物馆","shenzhen-city","","https://shenzhenmuseum.com/webCollection/collectionDetail?lmType=L0303&resId=304b693b129a46ce9c2f8c7bf1ed15cb","https://shenzhenmuseum.com/webCollection/list1?lmType=L0303&pageNo=1&pageSize=160&platform=0&isAll=1","2026-10-04T07:17:08.282Z","a2813a5bb9d3013dd888f60737450a1b8f2b9bcdb248cea46cd3eac50e5beb53","0d4fe99b11594df9f850.html","304b693b129a46ce9c2f8c7bf1ed15cb","candidate-detail-unread","unknown","官方藏品记录resId，未视为实物馆藏编号"
"三彩双龙柄瓶","深圳博物馆","shenzhen-city","","https://shenzhenmuseum.com/webCollection/collectionDetail?lmType=L0303&resId=d4c3ab4b94ba454791cdc1c2de302f17","https://shenzhenmuseum.com/webCollection/list1?lmType=L0303&pageNo=1&pageSize=160&platform=0&isAll=1","2026-10-04T07:17:08.282Z","a2813a5bb9d3013dd888f60737450a1b8f2b9bcdb248cea46cd3eac50e5beb53","0d4fe99b11594df9f850.html","d4c3ab4b94ba454791cdc1c2de302f17","candidate-detail-unread","unknown","官方藏品记录resId，未视为实物馆藏编号"
"三彩结带纹穿带扁壶","深圳博物馆","shenzhen-city","","https://shenzhenmuseum.com/webCollection/collectionDetail?lmType=L0303&resId=417e4bfd995d4b83978cdc332ccfee9e","https://shenzhenmuseum.com/webCollection/list1?lmType=L0303&pageNo=1&pageSize=160&platform=0&isAll=1","2026-10-04T07:17:08.282Z","a2813a5bb9d3013dd888f60737450a1b8f2b9bcdb248cea46cd3eac50e5beb53","0d4fe99b11594df9f850.html","417e4bfd995d4b83978cdc332ccfee9e","candidate-detail-unread","unknown","官方藏品记录resId，未视为实物馆藏编号"
"玉溪窑青花缠枝花卉纹盖罐","深圳博物馆","shenzhen-city","","https://shenzhenmuseum.com/webCollection/collectionDetail?lmType=L0303&resId=f7ed2ce0a1264dc8ad5861e0a9c514dd","https://shenzhenmuseum.com/webCollection/list1?lmType=L0303&pageNo=1&pageSize=160&platform=0&isAll=1","2026-10-04T07:17:08.282Z","a2813a5bb9d3013dd888f60737450a1b8f2b9bcdb248cea46cd3eac50e5beb53","0d4fe99b11594df9f850.html","f7ed2ce0a1264dc8ad5861e0a9c514dd","candidate-detail-unread","unknown","官方藏品记录resId，未视为实物馆藏编号"
"孔雀蓝釉贴塑螭纹双耳香炉","深圳博物馆","shenzhen-city","","https://shenzhenmuseum.com/webCollection/collectionDetail?lmType=L0303&resId=178fd93205634aba9e7a2f34663e35e0","https://shenzhenmuseum.com/webCollection/list1?lmType=L0303&pageNo=1&pageSize=160&platform=0&isAll=1","2026-10-04T07:17:08.282Z","a2813a5bb9d3013dd888f60737450a1b8f2b9bcdb248cea46cd3eac50e5beb53","0d4fe99b11594df9f850.html","178fd93205634aba9e7a2f34663e35e0","candidate-detail-unread","unknown","官方藏品记录resId，未视为实物馆藏编号"
"菱格锯齿纹彩陶壶","深圳博物馆","shenzhen-city","","https://shenzhenmuseum.com/webCollection/collectionDetail?lmType=L0303&resId=99557147afee4673a5471e9322a530ce","https://shenzhenmuseum.com/webCollection/list1?lmType=L0303&pageNo=1&pageSize=160&platform=0&isAll=1","2026-10-04T07:17:08.282Z","a2813a5bb9d3013dd888f60737450a1b8f2b9bcdb248cea46cd3eac50e5beb53","0d4fe99b11594df9f850.html","99557147afee4673a5471e9322a530ce","candidate-detail-unread","unknown","官方藏品记录resId，未视为实物馆藏编号"
"绞胎盂","深圳博物馆","shenzhen-city","","https://shenzhenmuseum.com/webCollection/collectionDetail?lmType=L0303&resId=9fcd040894134b7993c577c8be4f4054","https://shenzhenmuseum.com/webCollection/list1?lmType=L0303&pageNo=1&pageSize=160&platform=0&isAll=1","2026-10-04T07:17:08.282Z","a2813a5bb9d3013dd888f60737450a1b8f2b9bcdb248cea46cd3eac50e5beb53","0d4fe99b11594df9f850.html","9fcd040894134b7993c577c8be4f4054","candidate-detail-unread","unknown","官方藏品记录resId，未视为实物馆藏编号"
"巩义芝田窑绿釉绞胎枕","深圳博物馆","shenzhen-city","","https://shenzhenmuseum.com/webCollection/collectionDetail?lmType=L0303&resId=9804a421f51e4e8699299ca5f418e3ea","https://shenzhenmuseum.com/webCollection/list1?lmType=L0303&pageNo=1&pageSize=160&platform=0&isAll=1","2026-10-04T07:17:08.282Z","a2813a5bb9d3013dd888f60737450a1b8f2b9bcdb248cea46cd3eac50e5beb53","0d4fe99b11594df9f850.html","9804a421f51e4e8699299ca5f418e3ea","candidate-detail-unread","unknown","官方藏品记录resId，未视为实物馆藏编号"
"原始青瓷印纹双耳罐","深圳博物馆","shenzhen-city","","https://shenzhenmuseum.com/webCollection/collectionDetail?lmType=L0303&resId=211223fb707d4fc595be267a5dd59cde","https://shenzhenmuseum.com/webCollection/list1?lmType=L0303&pageNo=1&pageSize=160&platform=0&isAll=1","2026-10-04T07:17:08.282Z","a2813a5bb9d3013dd888f60737450a1b8f2b9bcdb248cea46cd3eac50e5beb53","0d4fe99b11594df9f850.html","211223fb707d4fc595be267a5dd59cde","candidate-detail-unread","unknown","官方藏品记录resId，未视为实物馆藏编号"
"青白瓷素胎堆塑十二生肖塔式瓶","深圳博物馆","shenzhen-city","","https://shenzhenmuseum.com/webCollection/collectionDetail?lmType=L0303&resId=217096cca55d4664a3f54e762c373ccb","https://shenzhenmuseum.com/webCollection/list1?lmType=L0303&pageNo=1&pageSize=160&platform=0&isAll=1","2026-10-04T07:17:08.282Z","a2813a5bb9d3013dd888f60737450a1b8f2b9bcdb248cea46cd3eac50e5beb53","0d4fe99b11594df9f850.html","217096cca55d4664a3f54e762c373ccb","candidate-detail-unread","unknown","官方藏品记录resId，未视为实物馆藏编号"
"青白瓷注子、注碗","深圳博物馆","shenzhen-city","","https://shenzhenmuseum.com/webCollection/collectionDetail?lmType=L0303&resId=cb55bbc642ca434788c50dff438b947a","https://shenzhenmuseum.com/webCollection/list1?lmType=L0303&pageNo=1&pageSize=160&platform=0&isAll=1","2026-10-04T07:17:08.282Z","a2813a5bb9d3013dd888f60737450a1b8f2b9bcdb248cea46cd3eac50e5beb53","0d4fe99b11594df9f850.html","cb55bbc642ca434788c50dff438b947a","candidate-detail-unread","unknown","官方藏品记录resId，未视为实物馆藏编号"
"青瓷堆塑谷仓罐","深圳博物馆","shenzhen-city","","https://shenzhenmuseum.com/webCollection/collectionDetail?lmType=L0303&resId=04795f4f1e0b44cbb9598210a5d1b865","https://shenzhenmuseum.com/webCollection/list1?lmType=L0303&pageNo=1&pageSize=160&platform=0&isAll=1","2026-10-04T07:17:08.282Z","a2813a5bb9d3013dd888f60737450a1b8f2b9bcdb248cea46cd3eac50e5beb53","0d4fe99b11594df9f850.html","04795f4f1e0b44cbb9598210a5d1b865","candidate-detail-unread","unknown","官方藏品记录resId，未视为实物馆藏编号"
"白瓷印花盘","深圳博物馆","shenzhen-city","","https://shenzhenmuseum.com/webCollection/collectionDetail?lmType=L0303&resId=f8591085daf6451b8b684f34cc3b22cb","https://shenzhenmuseum.com/webCollection/list1?lmType=L0303&pageNo=1&pageSize=160&platform=0&isAll=1","2026-10-04T07:17:08.282Z","a2813a5bb9d3013dd888f60737450a1b8f2b9bcdb248cea46cd3eac50e5beb53","0d4fe99b11594df9f850.html","f8591085daf6451b8b684f34cc3b22cb","candidate-detail-unread","unknown","官方藏品记录resId，未视为实物馆藏编号"
"褐绿釉陶都树","深圳博物馆","shenzhen-city","","https://shenzhenmuseum.com/webCollection/collectionDetail?lmType=L0303&resId=7d57cf708b264ee5af07e6cfa79ef697","https://shenzhenmuseum.com/webCollection/list1?lmType=L0303&pageNo=1&pageSize=160&platform=0&isAll=1","2026-10-04T07:17:08.282Z","a2813a5bb9d3013dd888f60737450a1b8f2b9bcdb248cea46cd3eac50e5beb53","0d4fe99b11594df9f850.html","7d57cf708b264ee5af07e6cfa79ef697","candidate-detail-unread","unknown","官方藏品记录resId，未视为实物馆藏编号"
"三彩人面镇墓兽","深圳博物馆","shenzhen-city","","https://shenzhenmuseum.com/webCollection/collectionDetail?lmType=L0303&resId=4f3b87789e1f4c679bd7f300724dbe4d","https://shenzhenmuseum.com/webCollection/list1?lmType=L0303&pageNo=1&pageSize=160&platform=0&isAll=1","2026-10-04T07:17:08.282Z","a2813a5bb9d3013dd888f60737450a1b8f2b9bcdb248cea46cd3eac50e5beb53","0d4fe99b11594df9f850.html","4f3b87789e1f4c679bd7f300724dbe4d","candidate-detail-unread","unknown","官方藏品记录resId，未视为实物馆藏编号"
"三彩骆驼","深圳博物馆","shenzhen-city","","https://shenzhenmuseum.com/webCollection/collectionDetail?lmType=L0303&resId=570ae72127cc49beb6a253f33cf53e36","https://shenzhenmuseum.com/webCollection/list1?lmType=L0303&pageNo=1&pageSize=160&platform=0&isAll=1","2026-10-04T07:17:08.282Z","a2813a5bb9d3013dd888f60737450a1b8f2b9bcdb248cea46cd3eac50e5beb53","0d4fe99b11594df9f850.html","570ae72127cc49beb6a253f33cf53e36","candidate-detail-unread","unknown","官方藏品记录resId，未视为实物馆藏编号"
"褐釉陶狗","深圳博物馆","shenzhen-city","","https://shenzhenmuseum.com/webCollection/collectionDetail?lmType=L0303&resId=74651e5d2a8449a392ce807c3b40349b","https://shenzhenmuseum.com/webCollection/list1?lmType=L0303&pageNo=1&pageSize=160&platform=0&isAll=1","2026-10-04T07:17:08.282Z","a2813a5bb9d3013dd888f60737450a1b8f2b9bcdb248cea46cd3eac50e5beb53","0d4fe99b11594df9f850.html","74651e5d2a8449a392ce807c3b40349b","candidate-detail-unread","unknown","官方藏品记录resId，未视为实物馆藏编号"
"原始青瓷双铺首耳罐","深圳博物馆","shenzhen-city","","https://shenzhenmuseum.com/webCollection/collectionDetail?lmType=L0303&resId=690e117d16b34fc09d97204b8a5fd05f","https://shenzhenmuseum.com/webCollection/list1?lmType=L0303&pageNo=1&pageSize=160&platform=0&isAll=1","2026-10-04T07:17:08.282Z","a2813a5bb9d3013dd888f60737450a1b8f2b9bcdb248cea46cd3eac50e5beb53","0d4fe99b11594df9f850.html","690e117d16b34fc09d97204b8a5fd05f","candidate-detail-unread","unknown","官方藏品记录resId，未视为实物馆藏编号"
"徐三庚“醉经精舍”朱文寿山石印章","深圳博物馆","shenzhen-city","","https://shenzhenmuseum.com/webCollection/collectionDetail?lmType=L0303&resId=97ef373451a34176b59283ec3a5119e8","https://shenzhenmuseum.com/webCollection/list1?lmType=L0303&pageNo=1&pageSize=160&platform=0&isAll=1","2026-10-04T07:17:08.282Z","a2813a5bb9d3013dd888f60737450a1b8f2b9bcdb248cea46cd3eac50e5beb53","0d4fe99b11594df9f850.html","97ef373451a34176b59283ec3a5119e8","candidate-detail-unread","unknown","官方藏品记录resId，未视为实物馆藏编号"
"翁大年“萦春蚓绾秋蛇”朱文寿山石印章","深圳博物馆","shenzhen-city","","https://shenzhenmuseum.com/webCollection/collectionDetail?lmType=L0303&resId=918bba179c2e479d9fd2ccda41423def","https://shenzhenmuseum.com/webCollection/list1?lmType=L0303&pageNo=1&pageSize=160&platform=0&isAll=1","2026-10-04T07:17:08.282Z","a2813a5bb9d3013dd888f60737450a1b8f2b9bcdb248cea46cd3eac50e5beb53","0d4fe99b11594df9f850.html","918bba179c2e479d9fd2ccda41423def","candidate-detail-unread","unknown","官方藏品记录resId，未视为实物馆藏编号"
"周亮工“草草了事”朱文寿山石印章","深圳博物馆","shenzhen-city","","https://shenzhenmuseum.com/webCollection/collectionDetail?lmType=L0303&resId=04192f553593494d86129d1b00a3eff6","https://shenzhenmuseum.com/webCollection/list1?lmType=L0303&pageNo=1&pageSize=160&platform=0&isAll=1","2026-10-04T07:17:08.282Z","a2813a5bb9d3013dd888f60737450a1b8f2b9bcdb248cea46cd3eac50e5beb53","0d4fe99b11594df9f850.html","04192f553593494d86129d1b00a3eff6","candidate-detail-unread","unknown","官方藏品记录resId，未视为实物馆藏编号"
"何震“冷暖自如”白文寿山石印章","深圳博物馆","shenzhen-city","","https://shenzhenmuseum.com/webCollection/collectionDetail?lmType=L0303&resId=b1dc833336a44267a62e98cbb462af23","https://shenzhenmuseum.com/webCollection/list1?lmType=L0303&pageNo=1&pageSize=160&platform=0&isAll=1","2026-10-04T07:17:08.282Z","a2813a5bb9d3013dd888f60737450a1b8f2b9bcdb248cea46cd3eac50e5beb53","0d4fe99b11594df9f850.html","b1dc833336a44267a62e98cbb462af23","candidate-detail-unread","unknown","官方藏品记录resId，未视为实物馆藏编号"
"王宠“天地入胸臆 吁嗟生风雷”朱文寿山石印章","深圳博物馆","shenzhen-city","","https://shenzhenmuseum.com/webCollection/collectionDetail?lmType=L0303&resId=016820f1f87e4e98abe16cc7e50ccb40","https://shenzhenmuseum.com/webCollection/list1?lmType=L0303&pageNo=1&pageSize=160&platform=0&isAll=1","2026-10-04T07:17:08.282Z","a2813a5bb9d3013dd888f60737450a1b8f2b9bcdb248cea46cd3eac50e5beb53","0d4fe99b11594df9f850.html","016820f1f87e4e98abe16cc7e50ccb40","candidate-detail-unread","unknown","官方藏品记录resId，未视为实物馆藏编号"
"招子庸芦蟹图轴","深圳博物馆","shenzhen-city","","https://shenzhenmuseum.com/webCollection/collectionDetail?lmType=L0303&resId=f1f46266cbd442038015fcbd9fb731c7","https://shenzhenmuseum.com/webCollection/list1?lmType=L0303&pageNo=1&pageSize=160&platform=0&isAll=1","2026-10-04T07:17:08.282Z","a2813a5bb9d3013dd888f60737450a1b8f2b9bcdb248cea46cd3eac50e5beb53","0d4fe99b11594df9f850.html","f1f46266cbd442038015fcbd9fb731c7","candidate-detail-unread","unknown","官方藏品记录resId，未视为实物馆藏编号"
"梁于渭花石图四条屏","深圳博物馆","shenzhen-city","","https://shenzhenmuseum.com/webCollection/collectionDetail?lmType=L0303&resId=9f0befdb9b224e9f9bbb0d6e4c11af7d","https://shenzhenmuseum.com/webCollection/list1?lmType=L0303&pageNo=1&pageSize=160&platform=0&isAll=1","2026-10-04T07:17:08.282Z","a2813a5bb9d3013dd888f60737450a1b8f2b9bcdb248cea46cd3eac50e5beb53","0d4fe99b11594df9f850.html","9f0befdb9b224e9f9bbb0d6e4c11af7d","candidate-detail-unread","unknown","官方藏品记录resId，未视为实物馆藏编号"
"吴昌硕集石鼓文七言联","深圳博物馆","shenzhen-city","","https://shenzhenmuseum.com/webCollection/collectionDetail?lmType=L0303&resId=55dbc639a3364715a101c199f95e073c","https://shenzhenmuseum.com/webCollection/list1?lmType=L0303&pageNo=1&pageSize=160&platform=0&isAll=1","2026-10-04T07:17:08.282Z","a2813a5bb9d3013dd888f60737450a1b8f2b9bcdb248cea46cd3eac50e5beb53","0d4fe99b11594df9f850.html","55dbc639a3364715a101c199f95e073c","candidate-detail-unread","unknown","官方藏品记录resId，未视为实物馆藏编号"
"房澍设色四季花卉屏","深圳博物馆","shenzhen-city","","https://shenzhenmuseum.com/webCollection/collectionDetail?lmType=L0303&resId=cbca22b15891445ea9593ae571653ef5","https://shenzhenmuseum.com/webCollection/list1?lmType=L0303&pageNo=1&pageSize=160&platform=0&isAll=1","2026-10-04T07:17:08.282Z","a2813a5bb9d3013dd888f60737450a1b8f2b9bcdb248cea46cd3eac50e5beb53","0d4fe99b11594df9f850.html","cbca22b15891445ea9593ae571653ef5","candidate-detail-unread","unknown","官方藏品记录resId，未视为实物馆藏编号"
"何翀花鸟图轴","深圳博物馆","shenzhen-city","","https://shenzhenmuseum.com/webCollection/collectionDetail?lmType=L0303&resId=dba9a6623aad42019383fb1a0f92bed1","https://shenzhenmuseum.com/webCollection/list1?lmType=L0303&pageNo=1&pageSize=160&platform=0&isAll=1","2026-10-04T07:17:08.282Z","a2813a5bb9d3013dd888f60737450a1b8f2b9bcdb248cea46cd3eac50e5beb53","0d4fe99b11594df9f850.html","dba9a6623aad42019383fb1a0f92bed1","candidate-detail-unread","unknown","官方藏品记录resId，未视为实物馆藏编号"
"苏长春浮山逸趣图轴","深圳博物馆","shenzhen-city","","https://shenzhenmuseum.com/webCollection/collectionDetail?lmType=L0303&resId=aa0a1aa0ac4b4fdfb503be84ac0937ad","https://shenzhenmuseum.com/webCollection/list1?lmType=L0303&pageNo=1&pageSize=160&platform=0&isAll=1","2026-10-04T07:17:08.282Z","a2813a5bb9d3013dd888f60737450a1b8f2b9bcdb248cea46cd3eac50e5beb53","0d4fe99b11594df9f850.html","aa0a1aa0ac4b4fdfb503be84ac0937ad","candidate-detail-unread","unknown","官方藏品记录resId，未视为实物馆藏编号"
"苏六朋秋闲独饮图横幅","深圳博物馆","shenzhen-city","","https://shenzhenmuseum.com/webCollection/collectionDetail?lmType=L0303&resId=c4845f182a504ea8bc60554de84eb490","https://shenzhenmuseum.com/webCollection/list1?lmType=L0303&pageNo=1&pageSize=160&platform=0&isAll=1","2026-10-04T07:17:08.282Z","a2813a5bb9d3013dd888f60737450a1b8f2b9bcdb248cea46cd3eac50e5beb53","0d4fe99b11594df9f850.html","c4845f182a504ea8bc60554de84eb490","candidate-detail-unread","unknown","官方藏品记录resId，未视为实物馆藏编号"
"伍学藻人物图轴","深圳博物馆","shenzhen-city","","https://shenzhenmuseum.com/webCollection/collectionDetail?lmType=L0303&resId=3e41d399c79944298df1c309e96c09f8","https://shenzhenmuseum.com/webCollection/list1?lmType=L0303&pageNo=1&pageSize=160&platform=0&isAll=1","2026-10-04T07:17:08.282Z","a2813a5bb9d3013dd888f60737450a1b8f2b9bcdb248cea46cd3eac50e5beb53","0d4fe99b11594df9f850.html","3e41d399c79944298df1c309e96c09f8","candidate-detail-unread","unknown","官方藏品记录resId，未视为实物馆藏编号"
"宋光宝花卉图轴","深圳博物馆","shenzhen-city","","https://shenzhenmuseum.com/webCollection/collectionDetail?lmType=L0303&resId=7612f6ba0ee14a3895311e21d77cef69","https://shenzhenmuseum.com/webCollection/list1?lmType=L0303&pageNo=1&pageSize=160&platform=0&isAll=1","2026-10-04T07:17:08.282Z","a2813a5bb9d3013dd888f60737450a1b8f2b9bcdb248cea46cd3eac50e5beb53","0d4fe99b11594df9f850.html","7612f6ba0ee14a3895311e21d77cef69","candidate-detail-unread","unknown","官方藏品记录resId，未视为实物馆藏编号"
"居廉松鼠葡萄图轴","深圳博物馆","shenzhen-city","","https://shenzhenmuseum.com/webCollection/collectionDetail?lmType=L0303&resId=6be69322003948aab3251e0d9e78decb","https://shenzhenmuseum.com/webCollection/list1?lmType=L0303&pageNo=1&pageSize=160&platform=0&isAll=1","2026-10-04T07:17:08.282Z","a2813a5bb9d3013dd888f60737450a1b8f2b9bcdb248cea46cd3eac50e5beb53","0d4fe99b11594df9f850.html","6be69322003948aab3251e0d9e78decb","candidate-detail-unread","unknown","官方藏品记录resId，未视为实物馆藏编号"
"张大千荷花图轴","深圳博物馆","shenzhen-city","","https://shenzhenmuseum.com/webCollection/collectionDetail?lmType=L0303&resId=e567efdb17fa44c7a0aba4a94c36d07b","https://shenzhenmuseum.com/webCollection/list1?lmType=L0303&pageNo=1&pageSize=160&platform=0&isAll=1","2026-10-04T07:17:08.282Z","a2813a5bb9d3013dd888f60737450a1b8f2b9bcdb248cea46cd3eac50e5beb53","0d4fe99b11594df9f850.html","e567efdb17fa44c7a0aba4a94c36d07b","candidate-detail-unread","unknown","官方藏品记录resId，未视为实物馆藏编号"
"溥儒抚琴听泉图轴","深圳博物馆","shenzhen-city","","https://shenzhenmuseum.com/webCollection/collectionDetail?lmType=L0303&resId=cdbcacbc813f45229763b03e2dee31d6","https://shenzhenmuseum.com/webCollection/list1?lmType=L0303&pageNo=1&pageSize=160&platform=0&isAll=1","2026-10-04T07:17:08.282Z","a2813a5bb9d3013dd888f60737450a1b8f2b9bcdb248cea46cd3eac50e5beb53","0d4fe99b11594df9f850.html","cdbcacbc813f45229763b03e2dee31d6","candidate-detail-unread","unknown","官方藏品记录resId，未视为实物馆藏编号"
"李寿庵 “归鸦流水点秋光”图","深圳博物馆","shenzhen-city","","https://shenzhenmuseum.com/webCollection/collectionDetail?lmType=L0303&resId=20d630ce82ea4c4eb63d5742ef74f382","https://shenzhenmuseum.com/webCollection/list1?lmType=L0303&pageNo=1&pageSize=160&platform=0&isAll=1","2026-10-04T07:17:08.282Z","a2813a5bb9d3013dd888f60737450a1b8f2b9bcdb248cea46cd3eac50e5beb53","0d4fe99b11594df9f850.html","20d630ce82ea4c4eb63d5742ef74f382","candidate-detail-unread","unknown","官方藏品记录resId，未视为实物馆藏编号"
"温其球荷花图轴","深圳博物馆","shenzhen-city","","https://shenzhenmuseum.com/webCollection/collectionDetail?lmType=L0303&resId=014d3a4aac0c4875a099bbe8ecf26ff0","https://shenzhenmuseum.com/webCollection/list1?lmType=L0303&pageNo=1&pageSize=160&platform=0&isAll=1","2026-10-04T07:17:08.282Z","a2813a5bb9d3013dd888f60737450a1b8f2b9bcdb248cea46cd3eac50e5beb53","0d4fe99b11594df9f850.html","014d3a4aac0c4875a099bbe8ecf26ff0","candidate-detail-unread","unknown","官方藏品记录resId，未视为实物馆藏编号"
"高剑父饲雏图轴","深圳博物馆","shenzhen-city","","https://shenzhenmuseum.com/webCollection/collectionDetail?lmType=L0303&resId=b153e04d8c134783b9df0ecb5048e871","https://shenzhenmuseum.com/webCollection/list1?lmType=L0303&pageNo=1&pageSize=160&platform=0&isAll=1","2026-10-04T07:17:08.282Z","a2813a5bb9d3013dd888f60737450a1b8f2b9bcdb248cea46cd3eac50e5beb53","0d4fe99b11594df9f850.html","b153e04d8c134783b9df0ecb5048e871","candidate-detail-unread","unknown","官方藏品记录resId，未视为实物馆藏编号"
"陈蕃诰桃花双鸟图扇页","深圳博物馆","shenzhen-city","","https://shenzhenmuseum.com/webCollection/collectionDetail?lmType=L0303&resId=caaf4597eedf45838267066db25ba08f","https://shenzhenmuseum.com/webCollection/list1?lmType=L0303&pageNo=1&pageSize=160&platform=0&isAll=1","2026-10-04T07:17:08.282Z","a2813a5bb9d3013dd888f60737450a1b8f2b9bcdb248cea46cd3eac50e5beb53","0d4fe99b11594df9f850.html","caaf4597eedf45838267066db25ba08f","candidate-detail-unread","unknown","官方藏品记录resId，未视为实物馆藏编号"
"伍德彝 山水图 轴","深圳博物馆","shenzhen-city","","https://shenzhenmuseum.com/webCollection/collectionDetail?lmType=L0303&resId=76d71b8017564c00be144263f35c6db8","https://shenzhenmuseum.com/webCollection/list1?lmType=L0303&pageNo=1&pageSize=160&platform=0&isAll=1","2026-10-04T07:17:08.282Z","a2813a5bb9d3013dd888f60737450a1b8f2b9bcdb248cea46cd3eac50e5beb53","0d4fe99b11594df9f850.html","76d71b8017564c00be144263f35c6db8","candidate-detail-unread","unknown","官方藏品记录resId，未视为实物馆藏编号"
"罗岸先梅竹白鹇图轴","深圳博物馆","shenzhen-city","","https://shenzhenmuseum.com/webCollection/collectionDetail?lmType=L0303&resId=673056cc4ef048f4847b431abc590640","https://shenzhenmuseum.com/webCollection/list1?lmType=L0303&pageNo=1&pageSize=160&platform=0&isAll=1","2026-10-04T07:17:08.282Z","a2813a5bb9d3013dd888f60737450a1b8f2b9bcdb248cea46cd3eac50e5beb53","0d4fe99b11594df9f850.html","673056cc4ef048f4847b431abc590640","candidate-detail-unread","unknown","官方藏品记录resId，未视为实物馆藏编号"
"今释行书《赠别石友道兄之三衢群丞序》卷","深圳博物馆","shenzhen-city","","https://shenzhenmuseum.com/webCollection/collectionDetail?lmType=L0303&resId=500b3dea44fd4e7f8faf808e7cd69ca2","https://shenzhenmuseum.com/webCollection/list1?lmType=L0303&pageNo=1&pageSize=160&platform=0&isAll=1","2026-10-04T07:17:08.282Z","a2813a5bb9d3013dd888f60737450a1b8f2b9bcdb248cea46cd3eac50e5beb53","0d4fe99b11594df9f850.html","500b3dea44fd4e7f8faf808e7cd69ca2","candidate-detail-unread","unknown","官方藏品记录resId，未视为实物馆藏编号"
"戴熙龙泉寺检书图卷","深圳博物馆","shenzhen-city","","https://shenzhenmuseum.com/webCollection/collectionDetail?lmType=L0303&resId=41860de8d1554998ba48897cb4910b66","https://shenzhenmuseum.com/webCollection/list1?lmType=L0303&pageNo=1&pageSize=160&platform=0&isAll=1","2026-10-04T07:17:08.282Z","a2813a5bb9d3013dd888f60737450a1b8f2b9bcdb248cea46cd3eac50e5beb53","0d4fe99b11594df9f850.html","41860de8d1554998ba48897cb4910b66","candidate-detail-unread","unknown","官方藏品记录resId，未视为实物馆藏编号"
"盛大士雨歇南山图轴","深圳博物馆","shenzhen-city","","https://shenzhenmuseum.com/webCollection/collectionDetail?lmType=L0303&resId=eafa8395f9624c6a88ebf3db9b3b4e77","https://shenzhenmuseum.com/webCollection/list1?lmType=L0303&pageNo=1&pageSize=160&platform=0&isAll=1","2026-10-04T07:17:08.282Z","a2813a5bb9d3013dd888f60737450a1b8f2b9bcdb248cea46cd3eac50e5beb53","0d4fe99b11594df9f850.html","eafa8395f9624c6a88ebf3db9b3b4e77","candidate-detail-unread","unknown","官方藏品记录resId，未视为实物馆藏编号"
"张熊寒汀落雁图扇页","深圳博物馆","shenzhen-city","","https://shenzhenmuseum.com/webCollection/collectionDetail?lmType=L0303&resId=3e0f3ab0583d40f5924201bc85950ce7","https://shenzhenmuseum.com/webCollection/list1?lmType=L0303&pageNo=1&pageSize=160&platform=0&isAll=1","2026-10-04T07:17:08.282Z","a2813a5bb9d3013dd888f60737450a1b8f2b9bcdb248cea46cd3eac50e5beb53","0d4fe99b11594df9f850.html","3e0f3ab0583d40f5924201bc85950ce7","candidate-detail-unread","unknown","官方藏品记录resId，未视为实物馆藏编号"
"陈崇光水村图扇页","深圳博物馆","shenzhen-city","","https://shenzhenmuseum.com/webCollection/collectionDetail?lmType=L0303&resId=8f0043c970cd4aab867b3dfba5aa91e5","https://shenzhenmuseum.com/webCollection/list1?lmType=L0303&pageNo=1&pageSize=160&platform=0&isAll=1","2026-10-04T07:17:08.282Z","a2813a5bb9d3013dd888f60737450a1b8f2b9bcdb248cea46cd3eac50e5beb53","0d4fe99b11594df9f850.html","8f0043c970cd4aab867b3dfba5aa91e5","candidate-detail-unread","unknown","官方藏品记录resId，未视为实物馆藏编号"
"马荃花卉册","深圳博物馆","shenzhen-city","","https://shenzhenmuseum.com/webCollection/collectionDetail?lmType=L0303&resId=ef1be656d3384995bf1f7e74929057da","https://shenzhenmuseum.com/webCollection/list1?lmType=L0303&pageNo=1&pageSize=160&platform=0&isAll=1","2026-10-04T07:17:08.282Z","a2813a5bb9d3013dd888f60737450a1b8f2b9bcdb248cea46cd3eac50e5beb53","0d4fe99b11594df9f850.html","ef1be656d3384995bf1f7e74929057da","candidate-detail-unread","unknown","官方藏品记录resId，未视为实物馆藏编号"
"王璐卿竹林幽趣图轴","深圳博物馆","shenzhen-city","","https://shenzhenmuseum.com/webCollection/collectionDetail?lmType=L0303&resId=96744b7e69c64be6beabe4ed22088419","https://shenzhenmuseum.com/webCollection/list1?lmType=L0303&pageNo=1&pageSize=160&platform=0&isAll=1","2026-10-04T07:17:08.282Z","a2813a5bb9d3013dd888f60737450a1b8f2b9bcdb248cea46cd3eac50e5beb53","0d4fe99b11594df9f850.html","96744b7e69c64be6beabe4ed22088419","candidate-detail-unread","unknown","官方藏品记录resId，未视为实物馆藏编号"
"李因牡丹双燕图轴","深圳博物馆","shenzhen-city","","https://shenzhenmuseum.com/webCollection/collectionDetail?lmType=L0303&resId=9d6ee2d6d1714a1284bb593c5a5436ca","https://shenzhenmuseum.com/webCollection/list1?lmType=L0303&pageNo=1&pageSize=160&platform=0&isAll=1","2026-10-04T07:17:08.282Z","a2813a5bb9d3013dd888f60737450a1b8f2b9bcdb248cea46cd3eac50e5beb53","0d4fe99b11594df9f850.html","9d6ee2d6d1714a1284bb593c5a5436ca","candidate-detail-unread","unknown","官方藏品记录resId，未视为实物馆藏编号"
"高俨 山水图 轴","深圳博物馆","shenzhen-city","","https://shenzhenmuseum.com/webCollection/collectionDetail?lmType=L0303&resId=fca87f6b8e1945d19d754cd3fbec0ed9","https://shenzhenmuseum.com/webCollection/list1?lmType=L0303&pageNo=1&pageSize=160&platform=0&isAll=1","2026-10-04T07:17:08.282Z","a2813a5bb9d3013dd888f60737450a1b8f2b9bcdb248cea46cd3eac50e5beb53","0d4fe99b11594df9f850.html","fca87f6b8e1945d19d754cd3fbec0ed9","candidate-detail-unread","unknown","官方藏品记录resId，未视为实物馆藏编号"
"汪琎竹林清夏图轴","深圳博物馆","shenzhen-city","","https://shenzhenmuseum.com/webCollection/collectionDetail?lmType=L0303&resId=a67c0cfd88734d8db5a51a07a10b59b1","https://shenzhenmuseum.com/webCollection/list1?lmType=L0303&pageNo=1&pageSize=160&platform=0&isAll=1","2026-10-04T07:17:08.282Z","a2813a5bb9d3013dd888f60737450a1b8f2b9bcdb248cea46cd3eac50e5beb53","0d4fe99b11594df9f850.html","a67c0cfd88734d8db5a51a07a10b59b1","candidate-detail-unread","unknown","官方藏品记录resId，未视为实物馆藏编号"
"朱耷墨笔荷鹤图轴","深圳博物馆","shenzhen-city","","https://shenzhenmuseum.com/webCollection/collectionDetail?lmType=L0303&resId=6b49e4963fbb40b7a841a59c4216f4e4","https://shenzhenmuseum.com/webCollection/list1?lmType=L0303&pageNo=1&pageSize=160&platform=0&isAll=1","2026-10-04T07:17:08.282Z","a2813a5bb9d3013dd888f60737450a1b8f2b9bcdb248cea46cd3eac50e5beb53","0d4fe99b11594df9f850.html","6b49e4963fbb40b7a841a59c4216f4e4","candidate-detail-unread","unknown","官方藏品记录resId，未视为实物馆藏编号"
"吴令坐看云起图镜心","深圳博物馆","shenzhen-city","","https://shenzhenmuseum.com/webCollection/collectionDetail?lmType=L0303&resId=070467e931594dffb8bff6e83f6a4ab3","https://shenzhenmuseum.com/webCollection/list1?lmType=L0303&pageNo=1&pageSize=160&platform=0&isAll=1","2026-10-04T07:17:08.282Z","a2813a5bb9d3013dd888f60737450a1b8f2b9bcdb248cea46cd3eac50e5beb53","0d4fe99b11594df9f850.html","070467e931594dffb8bff6e83f6a4ab3","candidate-detail-unread","unknown","官方藏品记录resId，未视为实物馆藏编号"
"陈遵芦雁图轴","深圳博物馆","shenzhen-city","","https://shenzhenmuseum.com/webCollection/collectionDetail?lmType=L0303&resId=af52046d3c0f40ef9410d1271bd6b965","https://shenzhenmuseum.com/webCollection/list1?lmType=L0303&pageNo=1&pageSize=160&platform=0&isAll=1","2026-10-04T07:17:08.282Z","a2813a5bb9d3013dd888f60737450a1b8f2b9bcdb248cea46cd3eac50e5beb53","0d4fe99b11594df9f850.html","af52046d3c0f40ef9410d1271bd6b965","candidate-detail-unread","unknown","官方藏品记录resId，未视为实物馆藏编号"
"刘正宗行书诗卷","深圳博物馆","shenzhen-city","","https://shenzhenmuseum.com/webCollection/collectionDetail?lmType=L0303&resId=be655afaa0ee448e8f361fdfa52633f6","https://shenzhenmuseum.com/webCollection/list1?lmType=L0303&pageNo=1&pageSize=160&platform=0&isAll=1","2026-10-04T07:17:08.282Z","a2813a5bb9d3013dd888f60737450a1b8f2b9bcdb248cea46cd3eac50e5beb53","0d4fe99b11594df9f850.html","be655afaa0ee448e8f361fdfa52633f6","candidate-detail-unread","unknown","官方藏品记录resId，未视为实物馆藏编号"
"郑天鹏草书《和张南湖诗》卷","深圳博物馆","shenzhen-city","","https://shenzhenmuseum.com/webCollection/collectionDetail?lmType=L0303&resId=418c82163ac34075b25f4757b0991705","https://shenzhenmuseum.com/webCollection/list1?lmType=L0303&pageNo=1&pageSize=160&platform=0&isAll=1","2026-10-04T07:17:08.282Z","a2813a5bb9d3013dd888f60737450a1b8f2b9bcdb248cea46cd3eac50e5beb53","0d4fe99b11594df9f850.html","418c82163ac34075b25f4757b0991705","candidate-detail-unread","unknown","官方藏品记录resId，未视为实物馆藏编号"
"赵备墨笔万竿烟雨图卷","深圳博物馆","shenzhen-city","","https://shenzhenmuseum.com/webCollection/collectionDetail?lmType=L0303&resId=d1806ecf28704430ac2e0d16b3b7f1b0","https://shenzhenmuseum.com/webCollection/list1?lmType=L0303&pageNo=1&pageSize=160&platform=0&isAll=1","2026-10-04T07:17:08.282Z","a2813a5bb9d3013dd888f60737450a1b8f2b9bcdb248cea46cd3eac50e5beb53","0d4fe99b11594df9f850.html","d1806ecf28704430ac2e0d16b3b7f1b0","candidate-detail-unread","unknown","官方藏品记录resId，未视为实物馆藏编号"
"董其昌行书《争座位帖》《送刘太冲序》卷","深圳博物馆","shenzhen-city","","https://shenzhenmuseum.com/webCollection/collectionDetail?lmType=L0303&resId=d5637fc867b3474a904bc67c4a880dd4","https://shenzhenmuseum.com/webCollection/list1?lmType=L0303&pageNo=1&pageSize=160&platform=0&isAll=1","2026-10-04T07:17:08.282Z","a2813a5bb9d3013dd888f60737450a1b8f2b9bcdb248cea46cd3eac50e5beb53","0d4fe99b11594df9f850.html","d5637fc867b3474a904bc67c4a880dd4","candidate-detail-unread","unknown","官方藏品记录resId，未视为实物馆藏编号"
"祝允明草书《晚晴赋》《荔枝赋》卷","深圳博物馆","shenzhen-city","","https://shenzhenmuseum.com/webCollection/collectionDetail?lmType=L0303&resId=842281e4d157492397730c12c46618a3","https://shenzhenmuseum.com/webCollection/list1?lmType=L0303&pageNo=1&pageSize=160&platform=0&isAll=1","2026-10-04T07:17:08.282Z","a2813a5bb9d3013dd888f60737450a1b8f2b9bcdb248cea46cd3eac50e5beb53","0d4fe99b11594df9f850.html","842281e4d157492397730c12c46618a3","candidate-detail-unread","unknown","官方藏品记录resId，未视为实物馆藏编号"
"刘春霖、朱汝珍、商衍鎏、张启后楷书四条屏","深圳博物馆","shenzhen-city","","https://shenzhenmuseum.com/webCollection/collectionDetail?lmType=L0303&resId=89378c88091a471e81182e0f15a94b61","https://shenzhenmuseum.com/webCollection/list1?lmType=L0303&pageNo=1&pageSize=160&platform=0&isAll=1","2026-10-04T07:17:08.282Z","a2813a5bb9d3013dd888f60737450a1b8f2b9bcdb248cea46cd3eac50e5beb53","0d4fe99b11594df9f850.html","89378c88091a471e81182e0f15a94b61","candidate-detail-unread","unknown","官方藏品记录resId，未视为实物馆藏编号"
"青白瓷印花八棱带盖梅瓶","深圳博物馆","shenzhen-city","","https://shenzhenmuseum.com/webCollection/collectionDetail?lmType=L0303&resId=858ea51bb88b4e18b804ba0f8b460e19","https://shenzhenmuseum.com/webCollection/list1?lmType=L0303&pageNo=1&pageSize=160&platform=0&isAll=1","2026-10-04T07:17:08.282Z","a2813a5bb9d3013dd888f60737450a1b8f2b9bcdb248cea46cd3eac50e5beb53","0d4fe99b11594df9f850.html","858ea51bb88b4e18b804ba0f8b460e19","candidate-detail-unread","unknown","官方藏品记录resId，未视为实物馆藏编号"
"青瓷瓜棱执壶","深圳博物馆","shenzhen-city","","https://shenzhenmuseum.com/webCollection/collectionDetail?lmType=L0303&resId=e300681790e5478e8e3fc38fa7b451d0","https://shenzhenmuseum.com/webCollection/list1?lmType=L0303&pageNo=1&pageSize=160&platform=0&isAll=1","2026-10-04T07:17:08.282Z","a2813a5bb9d3013dd888f60737450a1b8f2b9bcdb248cea46cd3eac50e5beb53","0d4fe99b11594df9f850.html","e300681790e5478e8e3fc38fa7b451d0","candidate-detail-unread","unknown","官方藏品记录resId，未视为实物馆藏编号"
"蟠螭纹铜镈","深圳博物馆","shenzhen-city","","https://shenzhenmuseum.com/webCollection/collectionDetail?lmType=L0303&resId=c6cffa257c2740159454b43edfea16c6","https://shenzhenmuseum.com/webCollection/list1?lmType=L0303&pageNo=1&pageSize=160&platform=0&isAll=1","2026-10-04T07:17:08.282Z","a2813a5bb9d3013dd888f60737450a1b8f2b9bcdb248cea46cd3eac50e5beb53","0d4fe99b11594df9f850.html","c6cffa257c2740159454b43edfea16c6","candidate-detail-unread","unknown","官方藏品记录resId，未视为实物馆藏编号"
"谢兰生山水图轴","深圳博物馆","shenzhen-city","","https://shenzhenmuseum.com/webCollection/collectionDetail?lmType=L0303&resId=601ebcc6038e47119438e082a0d039d0","https://shenzhenmuseum.com/webCollection/list1?lmType=L0303&pageNo=1&pageSize=160&platform=0&isAll=1","2026-10-04T07:17:08.282Z","a2813a5bb9d3013dd888f60737450a1b8f2b9bcdb248cea46cd3eac50e5beb53","0d4fe99b11594df9f850.html","601ebcc6038e47119438e082a0d039d0","candidate-detail-unread","unknown","官方藏品记录resId，未视为实物馆藏编号"
"傅山“山”朱文青田石印章","深圳博物馆","shenzhen-city","","https://shenzhenmuseum.com/webCollection/collectionDetail?lmType=L0303&resId=b1b2b9b678c54a5e9a0bf872320fd1b1","https://shenzhenmuseum.com/webCollection/list1?lmType=L0303&pageNo=1&pageSize=160&platform=0&isAll=1","2026-10-04T07:17:08.282Z","a2813a5bb9d3013dd888f60737450a1b8f2b9bcdb248cea46cd3eac50e5beb53","0d4fe99b11594df9f850.html","b1b2b9b678c54a5e9a0bf872320fd1b1","candidate-detail-unread","unknown","官方藏品记录resId，未视为实物馆藏编号"
"朱彝尊“物我有情欢喜世界 身心无病烟火神仙”朱白双面印章","深圳博物馆","shenzhen-city","","https://shenzhenmuseum.com/webCollection/collectionDetail?lmType=L0303&resId=cea48a46c98a4f46ba943dff5fdef442","https://shenzhenmuseum.com/webCollection/list1?lmType=L0303&pageNo=1&pageSize=160&platform=0&isAll=1","2026-10-04T07:17:08.282Z","a2813a5bb9d3013dd888f60737450a1b8f2b9bcdb248cea46cd3eac50e5beb53","0d4fe99b11594df9f850.html","cea48a46c98a4f46ba943dff5fdef442","candidate-detail-unread","unknown","官方藏品记录resId，未视为实物馆藏编号"
"“吕留良印”朱文象牙印章","深圳博物馆","shenzhen-city","","https://shenzhenmuseum.com/webCollection/collectionDetail?lmType=L0303&resId=49c7d789afaf4e3b8c054addc86fcf3f","https://shenzhenmuseum.com/webCollection/list1?lmType=L0303&pageNo=1&pageSize=160&platform=0&isAll=1","2026-10-04T07:17:08.282Z","a2813a5bb9d3013dd888f60737450a1b8f2b9bcdb248cea46cd3eac50e5beb53","0d4fe99b11594df9f850.html","49c7d789afaf4e3b8c054addc86fcf3f","candidate-detail-unread","unknown","官方藏品记录resId，未视为实物馆藏编号"
"高凤翰“江光彦印”白文寿山石印章","深圳博物馆","shenzhen-city","","https://shenzhenmuseum.com/webCollection/collectionDetail?lmType=L0303&resId=846c4eaa283843f5b75aaf04b294499e","https://shenzhenmuseum.com/webCollection/list1?lmType=L0303&pageNo=1&pageSize=160&platform=0&isAll=1","2026-10-04T07:17:08.282Z","a2813a5bb9d3013dd888f60737450a1b8f2b9bcdb248cea46cd3eac50e5beb53","0d4fe99b11594df9f850.html","846c4eaa283843f5b75aaf04b294499e","candidate-detail-unread","unknown","官方藏品记录resId，未视为实物馆藏编号"
"邓石如“执中”朱文青田石印章","深圳博物馆","shenzhen-city","","https://shenzhenmuseum.com/webCollection/collectionDetail?lmType=L0303&resId=67ac89037b3244d68919320719810dd8","https://shenzhenmuseum.com/webCollection/list1?lmType=L0303&pageNo=1&pageSize=160&platform=0&isAll=1","2026-10-04T07:17:08.282Z","a2813a5bb9d3013dd888f60737450a1b8f2b9bcdb248cea46cd3eac50e5beb53","0d4fe99b11594df9f850.html","67ac89037b3244d68919320719810dd8","candidate-detail-unread","unknown","官方藏品记录resId，未视为实物馆藏编号"
"程邃“恒山梁清标玉立氏图书”朱文、 “蕉林居士”朱文青田石对章","深圳博物馆","shenzhen-city","","https://shenzhenmuseum.com/webCollection/collectionDetail?lmType=L0303&resId=c998efd2acb443ce8037ffc4d183fc4c","https://shenzhenmuseum.com/webCollection/list1?lmType=L0303&pageNo=1&pageSize=160&platform=0&isAll=1","2026-10-04T07:17:08.282Z","a2813a5bb9d3013dd888f60737450a1b8f2b9bcdb248cea46cd3eac50e5beb53","0d4fe99b11594df9f850.html","c998efd2acb443ce8037ffc4d183fc4c","candidate-detail-unread","unknown","官方藏品记录resId，未视为实物馆藏编号"
"茅坤草书《游西湖诗》卷","深圳博物馆","shenzhen-city","","https://shenzhenmuseum.com/webCollection/collectionDetail?lmType=L0303&resId=eafc44a080d648cdb7eeee48977bfef9","https://shenzhenmuseum.com/webCollection/list1?lmType=L0303&pageNo=1&pageSize=160&platform=0&isAll=1","2026-10-04T07:17:08.282Z","a2813a5bb9d3013dd888f60737450a1b8f2b9bcdb248cea46cd3eac50e5beb53","0d4fe99b11594df9f850.html","eafc44a080d648cdb7eeee48977bfef9","candidate-detail-unread","unknown","官方藏品记录resId，未视为实物馆藏编号"
"青釉灯盏","深圳博物馆","shenzhen-city","","https://shenzhenmuseum.com/webCollection/collectionDetail?lmType=L0303&resId=722b501234e5425aa8a157e56acf119b","https://shenzhenmuseum.com/webCollection/list1?lmType=L0303&pageNo=1&pageSize=160&platform=0&isAll=1","2026-10-04T07:17:08.282Z","a2813a5bb9d3013dd888f60737450a1b8f2b9bcdb248cea46cd3eac50e5beb53","0d4fe99b11594df9f850.html","722b501234e5425aa8a157e56acf119b","candidate-detail-unread","unknown","官方藏品记录resId，未视为实物馆藏编号"
"清红木嵌螺钿松鼠葡萄纹小几","深圳博物馆","shenzhen-city","","https://shenzhenmuseum.com/webCollection/collectionDetail?lmType=L0303&resId=abc948294043433a87f4f486dde72fe8","https://shenzhenmuseum.com/webCollection/list1?lmType=L0303&pageNo=1&pageSize=160&platform=0&isAll=1","2026-10-04T07:17:08.282Z","a2813a5bb9d3013dd888f60737450a1b8f2b9bcdb248cea46cd3eac50e5beb53","0d4fe99b11594df9f850.html","abc948294043433a87f4f486dde72fe8","candidate-detail-unread","unknown","官方藏品记录resId，未视为实物馆藏编号"
"青釉六耳盂","深圳博物馆","shenzhen-city","","https://shenzhenmuseum.com/webCollection/collectionDetail?lmType=L0303&resId=8b396cd6db154f9ab6f50892894c1d4f","https://shenzhenmuseum.com/webCollection/list1?lmType=L0303&pageNo=1&pageSize=160&platform=0&isAll=1","2026-10-04T07:17:08.282Z","a2813a5bb9d3013dd888f60737450a1b8f2b9bcdb248cea46cd3eac50e5beb53","0d4fe99b11594df9f850.html","8b396cd6db154f9ab6f50892894c1d4f","candidate-detail-unread","unknown","官方藏品记录resId，未视为实物馆藏编号"
"条纹石拍","深圳博物馆","shenzhen-city","","https://shenzhenmuseum.com/webCollection/collectionDetail?lmType=L0303&resId=b34b5f7a056842ec9467fbb39245ce54","https://shenzhenmuseum.com/webCollection/list1?lmType=L0303&pageNo=1&pageSize=160&platform=0&isAll=1","2026-10-04T07:17:08.282Z","a2813a5bb9d3013dd888f60737450a1b8f2b9bcdb248cea46cd3eac50e5beb53","0d4fe99b11594df9f850.html","b34b5f7a056842ec9467fbb39245ce54","candidate-detail-unread","unknown","官方藏品记录resId，未视为实物馆藏编号"
"刻字竹笔筒","深圳博物馆","shenzhen-city","","https://shenzhenmuseum.com/webCollection/collectionDetail?lmType=L0303&resId=a572599a2109492099bd896a6d0cc0da","https://shenzhenmuseum.com/webCollection/list1?lmType=L0303&pageNo=1&pageSize=160&platform=0&isAll=1","2026-10-04T07:17:08.282Z","a2813a5bb9d3013dd888f60737450a1b8f2b9bcdb248cea46cd3eac50e5beb53","0d4fe99b11594df9f850.html","a572599a2109492099bd896a6d0cc0da","candidate-detail-unread","unknown","官方藏品记录resId，未视为实物馆藏编号"
"清同治款葫芦锡壶","深圳博物馆","shenzhen-city","","https://shenzhenmuseum.com/webCollection/collectionDetail?lmType=L0303&resId=277c51eae2424a2cb5ea4703cf4938c0","https://shenzhenmuseum.com/webCollection/list1?lmType=L0303&pageNo=1&pageSize=160&platform=0&isAll=1","2026-10-04T07:17:08.282Z","a2813a5bb9d3013dd888f60737450a1b8f2b9bcdb248cea46cd3eac50e5beb53","0d4fe99b11594df9f850.html","277c51eae2424a2cb5ea4703cf4938c0","candidate-detail-unread","unknown","官方藏品记录resId，未视为实物馆藏编号"
"清雕人物纹木笔筒","深圳博物馆","shenzhen-city","","https://shenzhenmuseum.com/webCollection/collectionDetail?lmType=L0303&resId=f27f63b26ce94e60acb38a4f2bea15d8","https://shenzhenmuseum.com/webCollection/list1?lmType=L0303&pageNo=1&pageSize=160&platform=0&isAll=1","2026-10-04T07:17:08.282Z","a2813a5bb9d3013dd888f60737450a1b8f2b9bcdb248cea46cd3eac50e5beb53","0d4fe99b11594df9f850.html","f27f63b26ce94e60acb38a4f2bea15d8","candidate-detail-unread","unknown","官方藏品记录resId，未视为实物馆藏编号"
"清“光绪乙巳年乐在其中”人物动物纹六面体有盖铜壶","深圳博物馆","shenzhen-city","","https://shenzhenmuseum.com/webCollection/collectionDetail?lmType=L0303&resId=a1b887dad20a408eb7cd56e8a168dece","https://shenzhenmuseum.com/webCollection/list1?lmType=L0303&pageNo=1&pageSize=160&platform=0&isAll=1","2026-10-04T07:17:08.282Z","a2813a5bb9d3013dd888f60737450a1b8f2b9bcdb248cea46cd3eac50e5beb53","0d4fe99b11594df9f850.html","a1b887dad20a408eb7cd56e8a168dece","candidate-detail-unread","unknown","官方藏品记录resId，未视为实物馆藏编号"
"民国金漆木雕神像","深圳博物馆","shenzhen-city","","https://shenzhenmuseum.com/webCollection/collectionDetail?lmType=L0303&resId=941d4f6e5ce844548226d79e318047d1","https://shenzhenmuseum.com/webCollection/list1?lmType=L0303&pageNo=1&pageSize=160&platform=0&isAll=1","2026-10-04T07:17:08.282Z","a2813a5bb9d3013dd888f60737450a1b8f2b9bcdb248cea46cd3eac50e5beb53","0d4fe99b11594df9f850.html","941d4f6e5ce844548226d79e318047d1","candidate-detail-unread","unknown","官方藏品记录resId，未视为实物馆藏编号"
"石饼","深圳博物馆","shenzhen-city","","https://shenzhenmuseum.com/webCollection/collectionDetail?lmType=L0303&resId=f9b39e08831a48b9a8a25cd3d04ac0eb","https://shenzhenmuseum.com/webCollection/list1?lmType=L0303&pageNo=1&pageSize=160&platform=0&isAll=1","2026-10-04T07:17:08.282Z","a2813a5bb9d3013dd888f60737450a1b8f2b9bcdb248cea46cd3eac50e5beb53","0d4fe99b11594df9f850.html","f9b39e08831a48b9a8a25cd3d04ac0eb","candidate-detail-unread","unknown","官方藏品记录resId，未视为实物馆藏编号"
"清“喜”字八宝纹温水铜炉","深圳博物馆","shenzhen-city","","https://shenzhenmuseum.com/webCollection/collectionDetail?lmType=L0303&resId=49cdb7c4aaa04f5585fd9f5641ce7fe6","https://shenzhenmuseum.com/webCollection/list1?lmType=L0303&pageNo=1&pageSize=160&platform=0&isAll=1","2026-10-04T07:17:08.282Z","a2813a5bb9d3013dd888f60737450a1b8f2b9bcdb248cea46cd3eac50e5beb53","0d4fe99b11594df9f850.html","49cdb7c4aaa04f5585fd9f5641ce7fe6","candidate-detail-unread","unknown","官方藏品记录resId，未视为实物馆藏编号"
"玉环","深圳博物馆","shenzhen-city","","https://shenzhenmuseum.com/webCollection/collectionDetail?lmType=L0303&resId=934e4c6918b8409181c6f5bb5e2a50e3","https://shenzhenmuseum.com/webCollection/list1?lmType=L0303&pageNo=1&pageSize=160&platform=0&isAll=1","2026-10-04T07:17:08.282Z","a2813a5bb9d3013dd888f60737450a1b8f2b9bcdb248cea46cd3eac50e5beb53","0d4fe99b11594df9f850.html","934e4c6918b8409181c6f5bb5e2a50e3","candidate-detail-unread","unknown","官方藏品记录resId，未视为实物馆藏编号"
"刻槽石器","深圳博物馆","shenzhen-city","","https://shenzhenmuseum.com/webCollection/collectionDetail?lmType=L0303&resId=41d4c661935a4b93b5cda2225be6e15e","https://shenzhenmuseum.com/webCollection/list1?lmType=L0303&pageNo=1&pageSize=160&platform=0&isAll=1","2026-10-04T07:17:08.282Z","a2813a5bb9d3013dd888f60737450a1b8f2b9bcdb248cea46cd3eac50e5beb53","0d4fe99b11594df9f850.html","41d4c661935a4b93b5cda2225be6e15e","candidate-detail-unread","unknown","官方藏品记录resId，未视为实物馆藏编号"
"陶圈足兽把豆","深圳博物馆","shenzhen-city","","https://shenzhenmuseum.com/webCollection/collectionDetail?lmType=L0303&resId=d7991a31c9814ba9941e12add3990a15","https://shenzhenmuseum.com/webCollection/list1?lmType=L0303&pageNo=1&pageSize=160&platform=0&isAll=1","2026-10-04T07:17:08.282Z","a2813a5bb9d3013dd888f60737450a1b8f2b9bcdb248cea46cd3eac50e5beb53","0d4fe99b11594df9f850.html","d7991a31c9814ba9941e12add3990a15","candidate-detail-unread","unknown","官方藏品记录resId，未视为实物馆藏编号"
"光绪款粉彩“万寿无疆”小碟","深圳博物馆","shenzhen-city","","https://shenzhenmuseum.com/webCollection/collectionDetail?lmType=L0303&resId=814f1749a978402e89dadcdda7e71826","https://shenzhenmuseum.com/webCollection/list1?lmType=L0303&pageNo=1&pageSize=160&platform=0&isAll=1","2026-10-04T07:17:08.282Z","a2813a5bb9d3013dd888f60737450a1b8f2b9bcdb248cea46cd3eac50e5beb53","0d4fe99b11594df9f850.html","814f1749a978402e89dadcdda7e71826","candidate-detail-unread","unknown","官方藏品记录resId，未视为实物馆藏编号"
"光绪款“万寿无疆”瓷盘（带托）","深圳博物馆","shenzhen-city","","https://shenzhenmuseum.com/webCollection/collectionDetail?lmType=L0303&resId=48d73ef26d9246fc8dee9618d488d053","https://shenzhenmuseum.com/webCollection/list1?lmType=L0303&pageNo=1&pageSize=160&platform=0&isAll=1","2026-10-04T07:17:08.282Z","a2813a5bb9d3013dd888f60737450a1b8f2b9bcdb248cea46cd3eac50e5beb53","0d4fe99b11594df9f850.html","48d73ef26d9246fc8dee9618d488d053","candidate-detail-unread","unknown","官方藏品记录resId，未视为实物馆藏编号"
"穿孔石铲","深圳博物馆","shenzhen-city","","https://shenzhenmuseum.com/webCollection/collectionDetail?lmType=L0303&resId=563e820a32b547d5809c989ebd2c6c7e","https://shenzhenmuseum.com/webCollection/list1?lmType=L0303&pageNo=1&pageSize=160&platform=0&isAll=1","2026-10-04T07:17:08.282Z","a2813a5bb9d3013dd888f60737450a1b8f2b9bcdb248cea46cd3eac50e5beb53","0d4fe99b11594df9f850.html","563e820a32b547d5809c989ebd2c6c7e","candidate-detail-unread","unknown","官方藏品记录resId，未视为实物馆藏编号"
"水晶石尖状器","深圳博物馆","shenzhen-city","","https://shenzhenmuseum.com/webCollection/collectionDetail?lmType=L0303&resId=514dd4607a8843c8a7b9d217f05c3838","https://shenzhenmuseum.com/webCollection/list1?lmType=L0303&pageNo=1&pageSize=160&platform=0&isAll=1","2026-10-04T07:17:08.282Z","a2813a5bb9d3013dd888f60737450a1b8f2b9bcdb248cea46cd3eac50e5beb53","0d4fe99b11594df9f850.html","514dd4607a8843c8a7b9d217f05c3838","candidate-detail-unread","unknown","官方藏品记录resId，未视为实物馆藏编号"
"石锛","深圳博物馆","shenzhen-city","","https://shenzhenmuseum.com/webCollection/collectionDetail?lmType=L0303&resId=2b57db711b24417c9599a7cb054e9224","https://shenzhenmuseum.com/webCollection/list1?lmType=L0303&pageNo=1&pageSize=160&platform=0&isAll=1","2026-10-04T07:17:08.282Z","a2813a5bb9d3013dd888f60737450a1b8f2b9bcdb248cea46cd3eac50e5beb53","0d4fe99b11594df9f850.html","2b57db711b24417c9599a7cb054e9224","candidate-detail-unread","unknown","官方藏品记录resId，未视为实物馆藏编号"
"青釉刻花水禽纹碗","深圳博物馆","shenzhen-city","","https://shenzhenmuseum.com/webCollection/collectionDetail?lmType=L0303&resId=a50f8330da334857a07425981cba6c32","https://shenzhenmuseum.com/webCollection/list1?lmType=L0303&pageNo=1&pageSize=160&platform=0&isAll=1","2026-10-04T07:17:08.282Z","a2813a5bb9d3013dd888f60737450a1b8f2b9bcdb248cea46cd3eac50e5beb53","0d4fe99b11594df9f850.html","a50f8330da334857a07425981cba6c32","candidate-detail-unread","unknown","官方藏品记录resId，未视为实物馆藏编号"
"吉州窑黑釉剪纸贴花盏","深圳博物馆","shenzhen-city","","https://shenzhenmuseum.com/webCollection/collectionDetail?lmType=L0303&resId=e655863245cf4080a858a1ffd26db41b","https://shenzhenmuseum.com/webCollection/list1?lmType=L0303&pageNo=1&pageSize=160&platform=0&isAll=1","2026-10-04T07:17:08.282Z","a2813a5bb9d3013dd888f60737450a1b8f2b9bcdb248cea46cd3eac50e5beb53","0d4fe99b11594df9f850.html","e655863245cf4080a858a1ffd26db41b","candidate-detail-unread","unknown","官方藏品记录resId，未视为实物馆藏编号"
"湖田窑青白瓷印花凤纹银扣碗","深圳博物馆","shenzhen-city","","https://shenzhenmuseum.com/webCollection/collectionDetail?lmType=L0303&resId=7f060a2a37884484bf69c522efac657c","https://shenzhenmuseum.com/webCollection/list1?lmType=L0303&pageNo=1&pageSize=160&platform=0&isAll=1","2026-10-04T07:17:08.282Z","a2813a5bb9d3013dd888f60737450a1b8f2b9bcdb248cea46cd3eac50e5beb53","0d4fe99b11594df9f850.html","7f060a2a37884484bf69c522efac657c","candidate-detail-unread","unknown","官方藏品记录resId，未视为实物馆藏编号"
"白地黑花开光云鹤图罐","深圳博物馆","shenzhen-city","","https://shenzhenmuseum.com/webCollection/collectionDetail?lmType=L0303&resId=a06e1587da774543be06b90ae89de727","https://shenzhenmuseum.com/webCollection/list1?lmType=L0303&pageNo=1&pageSize=160&platform=0&isAll=1","2026-10-04T07:17:08.282Z","a2813a5bb9d3013dd888f60737450a1b8f2b9bcdb248cea46cd3eac50e5beb53","0d4fe99b11594df9f850.html","a06e1587da774543be06b90ae89de727","candidate-detail-unread","unknown","官方藏品记录resId，未视为实物馆藏编号"
"黑釉油滴碗","深圳博物馆","shenzhen-city","","https://shenzhenmuseum.com/webCollection/collectionDetail?lmType=L0303&resId=68021bd5e8cf4fd39fd267988d2bc7fe","https://shenzhenmuseum.com/webCollection/list1?lmType=L0303&pageNo=1&pageSize=160&platform=0&isAll=1","2026-10-04T07:17:08.282Z","a2813a5bb9d3013dd888f60737450a1b8f2b9bcdb248cea46cd3eac50e5beb53","0d4fe99b11594df9f850.html","68021bd5e8cf4fd39fd267988d2bc7fe","candidate-detail-unread","unknown","官方藏品记录resId，未视为实物馆藏编号"
"长沙窑青釉褐斑贴花椰枣纹注子","深圳博物馆","shenzhen-city","","https://shenzhenmuseum.com/webCollection/collectionDetail?lmType=L0303&resId=56de27238e7d440c9af63e8df92da866","https://shenzhenmuseum.com/webCollection/list1?lmType=L0303&pageNo=1&pageSize=160&platform=0&isAll=1","2026-10-04T07:17:08.282Z","a2813a5bb9d3013dd888f60737450a1b8f2b9bcdb248cea46cd3eac50e5beb53","0d4fe99b11594df9f850.html","56de27238e7d440c9af63e8df92da866","candidate-detail-unread","unknown","官方藏品记录resId，未视为实物馆藏编号"
"“丁”鼎","深圳博物馆","shenzhen-city","","https://shenzhenmuseum.com/webCollection/collectionDetail?lmType=L0303&resId=eef3380b7fcb423aacc9b7823896e99b","https://shenzhenmuseum.com/webCollection/list1?lmType=L0303&pageNo=1&pageSize=160&platform=0&isAll=1","2026-10-04T07:17:08.282Z","a2813a5bb9d3013dd888f60737450a1b8f2b9bcdb248cea46cd3eac50e5beb53","0d4fe99b11594df9f850.html","eef3380b7fcb423aacc9b7823896e99b","candidate-detail-unread","unknown","官方藏品记录resId，未视为实物馆藏编号"
"越窑青釉划花盒","深圳博物馆","shenzhen-city","","https://shenzhenmuseum.com/webCollection/collectionDetail?lmType=L0303&resId=6246c2f0ddee4a2fb56f7217de733311","https://shenzhenmuseum.com/webCollection/list1?lmType=L0303&pageNo=1&pageSize=160&platform=0&isAll=1","2026-10-04T07:17:08.282Z","a2813a5bb9d3013dd888f60737450a1b8f2b9bcdb248cea46cd3eac50e5beb53","0d4fe99b11594df9f850.html","6246c2f0ddee4a2fb56f7217de733311","candidate-detail-unread","unknown","官方藏品记录resId，未视为实物馆藏编号"
"原始青瓷盉","深圳博物馆","shenzhen-city","","https://shenzhenmuseum.com/webCollection/collectionDetail?lmType=L0303&resId=736e18f8c20448b2825a2ffb298c88c3","https://shenzhenmuseum.com/webCollection/list1?lmType=L0303&pageNo=1&pageSize=160&platform=0&isAll=1","2026-10-04T07:17:08.282Z","a2813a5bb9d3013dd888f60737450a1b8f2b9bcdb248cea46cd3eac50e5beb53","0d4fe99b11594df9f850.html","736e18f8c20448b2825a2ffb298c88c3","candidate-detail-unread","unknown","官方藏品记录resId，未视为实物馆藏编号"
"原始青瓷双铺首耳罐","深圳博物馆","shenzhen-city","","https://shenzhenmuseum.com/webCollection/collectionDetail?lmType=L0303&resId=5343404e05a640c6994d451302f4dd91","https://shenzhenmuseum.com/webCollection/list1?lmType=L0303&pageNo=1&pageSize=160&platform=0&isAll=1","2026-10-04T07:17:08.282Z","a2813a5bb9d3013dd888f60737450a1b8f2b9bcdb248cea46cd3eac50e5beb53","0d4fe99b11594df9f850.html","5343404e05a640c6994d451302f4dd91","candidate-detail-unread","unknown","官方藏品记录resId，未视为实物馆藏编号"
"伍学藻人物图轴","深圳博物馆","shenzhen-city","","https://shenzhenmuseum.com/webCollection/collectionDetail?lmType=L0303&resId=8572ad9baf834f0c9c359cd733f65036","https://shenzhenmuseum.com/webCollection/list1?lmType=L0303&pageNo=1&pageSize=160&platform=0&isAll=1","2026-10-04T07:17:08.282Z","a2813a5bb9d3013dd888f60737450a1b8f2b9bcdb248cea46cd3eac50e5beb53","0d4fe99b11594df9f850.html","8572ad9baf834f0c9c359cd733f65036","candidate-detail-unread","unknown","官方藏品记录resId，未视为实物馆藏编号"
"居廉松鼠葡萄图轴","深圳博物馆","shenzhen-city","","https://shenzhenmuseum.com/webCollection/collectionDetail?lmType=L0303&resId=3e8d7a83aa704a1c955de7fecf0ef89c","https://shenzhenmuseum.com/webCollection/list1?lmType=L0303&pageNo=1&pageSize=160&platform=0&isAll=1","2026-10-04T07:17:08.282Z","a2813a5bb9d3013dd888f60737450a1b8f2b9bcdb248cea46cd3eac50e5beb53","0d4fe99b11594df9f850.html","3e8d7a83aa704a1c955de7fecf0ef89c","candidate-detail-unread","unknown","官方藏品记录resId，未视为实物馆藏编号"
"罗振玉书甲骨文横幅","深圳博物馆","shenzhen-city","","https://shenzhenmuseum.com/webCollection/collectionDetail?lmType=L0303&resId=60c276f3bc6c4962aca3f023b0997f5a","https://shenzhenmuseum.com/webCollection/list1?lmType=L0303&pageNo=1&pageSize=160&platform=0&isAll=1","2026-10-04T07:17:08.282Z","a2813a5bb9d3013dd888f60737450a1b8f2b9bcdb248cea46cd3eac50e5beb53","0d4fe99b11594df9f850.html","60c276f3bc6c4962aca3f023b0997f5a","candidate-detail-unread","unknown","官方藏品记录resId，未视为实物馆藏编号"
"郑燮墨笔四面风竹图轴","深圳博物馆","shenzhen-city","","https://shenzhenmuseum.com/webCollection/collectionDetail?lmType=L0303&resId=e457a5c96ca944e880a4460882f069c8","https://shenzhenmuseum.com/webCollection/list1?lmType=L0303&pageNo=1&pageSize=160&platform=0&isAll=1","2026-10-04T07:17:08.282Z","a2813a5bb9d3013dd888f60737450a1b8f2b9bcdb248cea46cd3eac50e5beb53","0d4fe99b11594df9f850.html","e457a5c96ca944e880a4460882f069c8","candidate-detail-unread","unknown","官方藏品记录resId，未视为实物馆藏编号"
"路天基设色四时山水图屏","深圳博物馆","shenzhen-city","","https://shenzhenmuseum.com/webCollection/collectionDetail?lmType=L0303&resId=a3c0eadad6994d19b9190325ba989d6e","https://shenzhenmuseum.com/webCollection/list1?lmType=L0303&pageNo=1&pageSize=160&platform=0&isAll=1","2026-10-04T07:17:08.282Z","a2813a5bb9d3013dd888f60737450a1b8f2b9bcdb248cea46cd3eac50e5beb53","0d4fe99b11594df9f850.html","a3c0eadad6994d19b9190325ba989d6e","candidate-detail-unread","unknown","官方藏品记录resId，未视为实物馆藏编号"
"佚名设色文会图轴","深圳博物馆","shenzhen-city","","https://shenzhenmuseum.com/webCollection/collectionDetail?lmType=L0303&resId=4dbb10f26c5347309ef9652b88e62d3c","https://shenzhenmuseum.com/webCollection/list1?lmType=L0303&pageNo=1&pageSize=160&platform=0&isAll=1","2026-10-04T07:17:08.282Z","a2813a5bb9d3013dd888f60737450a1b8f2b9bcdb248cea46cd3eac50e5beb53","0d4fe99b11594df9f850.html","4dbb10f26c5347309ef9652b88e62d3c","candidate-detail-unread","unknown","官方藏品记录resId，未视为实物馆藏编号"
"陈淳设色花卉轴","深圳博物馆","shenzhen-city","","https://shenzhenmuseum.com/webCollection/collectionDetail?lmType=L0303&resId=ed32ee72944b4442a6f3889ac1e3534a","https://shenzhenmuseum.com/webCollection/list1?lmType=L0303&pageNo=1&pageSize=160&platform=0&isAll=1","2026-10-04T07:17:08.282Z","a2813a5bb9d3013dd888f60737450a1b8f2b9bcdb248cea46cd3eac50e5beb53","0d4fe99b11594df9f850.html","ed32ee72944b4442a6f3889ac1e3534a","candidate-detail-unread","unknown","官方藏品记录resId，未视为实物馆藏编号"
"商衍鎏行书五行轴","深圳博物馆","shenzhen-city","","https://shenzhenmuseum.com/webCollection/collectionDetail?lmType=L0303&resId=1ab2b81ed0e6460c83f305a85bda039a","https://shenzhenmuseum.com/webCollection/list1?lmType=L0303&pageNo=1&pageSize=160&platform=0&isAll=1","2026-10-04T07:17:08.282Z","a2813a5bb9d3013dd888f60737450a1b8f2b9bcdb248cea46cd3eac50e5beb53","0d4fe99b11594df9f850.html","1ab2b81ed0e6460c83f305a85bda039a","candidate-detail-unread","unknown","官方藏品记录resId，未视为实物馆藏编号"
"高剑父草书四言联轴","深圳博物馆","shenzhen-city","","https://shenzhenmuseum.com/webCollection/collectionDetail?lmType=L0303&resId=1a9117a4be0a4e8fa642e8531d3d526d","https://shenzhenmuseum.com/webCollection/list1?lmType=L0303&pageNo=1&pageSize=160&platform=0&isAll=1","2026-10-04T07:17:08.282Z","a2813a5bb9d3013dd888f60737450a1b8f2b9bcdb248cea46cd3eac50e5beb53","0d4fe99b11594df9f850.html","1a9117a4be0a4e8fa642e8531d3d526d","candidate-detail-unread","unknown","官方藏品记录resId，未视为实物馆藏编号"
"陈衡恪篆书四字横幅","深圳博物馆","shenzhen-city","","https://shenzhenmuseum.com/webCollection/collectionDetail?lmType=L0303&resId=23a33940f0cd4252a1082f902d884ca4","https://shenzhenmuseum.com/webCollection/list1?lmType=L0303&pageNo=1&pageSize=160&platform=0&isAll=1","2026-10-04T07:17:08.282Z","a2813a5bb9d3013dd888f60737450a1b8f2b9bcdb248cea46cd3eac50e5beb53","0d4fe99b11594df9f850.html","23a33940f0cd4252a1082f902d884ca4","candidate-detail-unread","unknown","官方藏品记录resId，未视为实物馆藏编号"
"容祖椿朱砂钟馗图轴","深圳博物馆","shenzhen-city","","https://shenzhenmuseum.com/webCollection/collectionDetail?lmType=L0303&resId=c8dd3d58bf6d4c58a1b70f96f64c29a9","https://shenzhenmuseum.com/webCollection/list1?lmType=L0303&pageNo=1&pageSize=160&platform=0&isAll=1","2026-10-04T07:17:08.282Z","a2813a5bb9d3013dd888f60737450a1b8f2b9bcdb248cea46cd3eac50e5beb53","0d4fe99b11594df9f850.html","c8dd3d58bf6d4c58a1b70f96f64c29a9","candidate-detail-unread","unknown","官方藏品记录resId，未视为实物馆藏编号"
"雪谷指画梅花轴","深圳博物馆","shenzhen-city","","https://shenzhenmuseum.com/webCollection/collectionDetail?lmType=L0303&resId=ea8fca6ba7c74e13a06d69c74897c139","https://shenzhenmuseum.com/webCollection/list1?lmType=L0303&pageNo=1&pageSize=160&platform=0&isAll=1","2026-10-04T07:17:08.282Z","a2813a5bb9d3013dd888f60737450a1b8f2b9bcdb248cea46cd3eac50e5beb53","0d4fe99b11594df9f850.html","ea8fca6ba7c74e13a06d69c74897c139","candidate-detail-unread","unknown","官方藏品记录resId，未视为实物馆藏编号"
"任薰设色海屋添筹图轴","深圳博物馆","shenzhen-city","","https://shenzhenmuseum.com/webCollection/collectionDetail?lmType=L0303&resId=f345c616a5a34bf8ab6e0e4949e7ad28","https://shenzhenmuseum.com/webCollection/list1?lmType=L0303&pageNo=1&pageSize=160&platform=0&isAll=1","2026-10-04T07:17:08.282Z","a2813a5bb9d3013dd888f60737450a1b8f2b9bcdb248cea46cd3eac50e5beb53","0d4fe99b11594df9f850.html","f345c616a5a34bf8ab6e0e4949e7ad28","candidate-detail-unread","unknown","官方藏品记录resId，未视为实物馆藏编号"
"任颐设色桃花白鸡图轴","深圳博物馆","shenzhen-city","","https://shenzhenmuseum.com/webCollection/collectionDetail?lmType=L0303&resId=63365b754b154473bee2d47244e14e16","https://shenzhenmuseum.com/webCollection/list1?lmType=L0303&pageNo=1&pageSize=160&platform=0&isAll=1","2026-10-04T07:17:08.282Z","a2813a5bb9d3013dd888f60737450a1b8f2b9bcdb248cea46cd3eac50e5beb53","0d4fe99b11594df9f850.html","63365b754b154473bee2d47244e14e16","candidate-detail-unread","unknown","官方藏品记录resId，未视为实物馆藏编号"
"王原祁山水扇页","深圳博物馆","shenzhen-city","","https://shenzhenmuseum.com/webCollection/collectionDetail?lmType=L0303&resId=100129233f4b41e3a34ee66914764745","https://shenzhenmuseum.com/webCollection/list1?lmType=L0303&pageNo=1&pageSize=160&platform=0&isAll=1","2026-10-04T07:17:08.282Z","a2813a5bb9d3013dd888f60737450a1b8f2b9bcdb248cea46cd3eac50e5beb53","0d4fe99b11594df9f850.html","100129233f4b41e3a34ee66914764745","candidate-detail-unread","unknown","官方藏品记录resId，未视为实物馆藏编号"
"何绍基行书九言联轴","深圳博物馆","shenzhen-city","","https://shenzhenmuseum.com/webCollection/collectionDetail?lmType=L0303&resId=da3307850366440c8997ac0fd10cec35","https://shenzhenmuseum.com/webCollection/list1?lmType=L0303&pageNo=1&pageSize=160&platform=0&isAll=1","2026-10-04T07:17:08.282Z","a2813a5bb9d3013dd888f60737450a1b8f2b9bcdb248cea46cd3eac50e5beb53","0d4fe99b11594df9f850.html","da3307850366440c8997ac0fd10cec35","candidate-detail-unread","unknown","官方藏品记录resId，未视为实物馆藏编号"
"吴大澂 等合作富贵猫蝶图轴","深圳博物馆","shenzhen-city","","https://shenzhenmuseum.com/webCollection/collectionDetail?lmType=L0303&resId=e9c875685d754959911920ce7884410a","https://shenzhenmuseum.com/webCollection/list1?lmType=L0303&pageNo=1&pageSize=160&platform=0&isAll=1","2026-10-04T07:17:08.282Z","a2813a5bb9d3013dd888f60737450a1b8f2b9bcdb248cea46cd3eac50e5beb53","0d4fe99b11594df9f850.html","e9c875685d754959911920ce7884410a","candidate-detail-unread","unknown","官方藏品记录resId，未视为实物馆藏编号"
"黄士陵 篆书七言联 轴","深圳博物馆","shenzhen-city","","https://shenzhenmuseum.com/webCollection/collectionDetail?lmType=L0303&resId=cc05ab5ad3334f05978423ecccd45982","https://shenzhenmuseum.com/webCollection/list1?lmType=L0303&pageNo=1&pageSize=160&platform=0&isAll=1","2026-10-04T07:17:08.282Z","a2813a5bb9d3013dd888f60737450a1b8f2b9bcdb248cea46cd3eac50e5beb53","0d4fe99b11594df9f850.html","cc05ab5ad3334f05978423ecccd45982","candidate-detail-unread","unknown","官方藏品记录resId，未视为实物馆藏编号"
"熊景星红棉图轴","深圳博物馆","shenzhen-city","","https://shenzhenmuseum.com/webCollection/collectionDetail?lmType=L0303&resId=f7605d70dd44411086621dc3974db875","https://shenzhenmuseum.com/webCollection/list1?lmType=L0303&pageNo=1&pageSize=160&platform=0&isAll=1","2026-10-04T07:17:08.282Z","a2813a5bb9d3013dd888f60737450a1b8f2b9bcdb248cea46cd3eac50e5beb53","0d4fe99b11594df9f850.html","f7605d70dd44411086621dc3974db875","candidate-detail-unread","unknown","官方藏品记录resId，未视为实物馆藏编号"
"张维屏行书《东崖诗集序》横轴","深圳博物馆","shenzhen-city","","https://shenzhenmuseum.com/webCollection/collectionDetail?lmType=L0303&resId=0df6b5fbd82241d3826d174ec83a01e5","https://shenzhenmuseum.com/webCollection/list1?lmType=L0303&pageNo=1&pageSize=160&platform=0&isAll=1","2026-10-04T07:17:08.282Z","a2813a5bb9d3013dd888f60737450a1b8f2b9bcdb248cea46cd3eac50e5beb53","0d4fe99b11594df9f850.html","0df6b5fbd82241d3826d174ec83a01e5","candidate-detail-unread","unknown","官方藏品记录resId，未视为实物馆藏编号"
"张照行书五言联","深圳博物馆","shenzhen-city","","https://shenzhenmuseum.com/webCollection/collectionDetail?lmType=L0303&resId=96dbf84e783c409aaed9da10e0628b94","https://shenzhenmuseum.com/webCollection/list1?lmType=L0303&pageNo=1&pageSize=160&platform=0&isAll=1","2026-10-04T07:17:08.282Z","a2813a5bb9d3013dd888f60737450a1b8f2b9bcdb248cea46cd3eac50e5beb53","0d4fe99b11594df9f850.html","96dbf84e783c409aaed9da10e0628b94","candidate-detail-unread","unknown","官方藏品记录resId，未视为实物馆藏编号"
"胡小石行书六言联轴","深圳博物馆","shenzhen-city","","https://shenzhenmuseum.com/webCollection/collectionDetail?lmType=L0303&resId=2fa280ed1d57488ebf8bb6e6aa714cc9","https://shenzhenmuseum.com/webCollection/list1?lmType=L0303&pageNo=1&pageSize=160&platform=0&isAll=1","2026-10-04T07:17:08.282Z","a2813a5bb9d3013dd888f60737450a1b8f2b9bcdb248cea46cd3eac50e5beb53","0d4fe99b11594df9f850.html","2fa280ed1d57488ebf8bb6e6aa714cc9","candidate-detail-unread","unknown","官方藏品记录resId，未视为实物馆藏编号"
"王了望行书七言诗轴","深圳博物馆","shenzhen-city","","https://shenzhenmuseum.com/webCollection/collectionDetail?lmType=L0303&resId=fe7aae67b10f4070836ce9618650e790","https://shenzhenmuseum.com/webCollection/list1?lmType=L0303&pageNo=1&pageSize=160&platform=0&isAll=1","2026-10-04T07:17:08.282Z","a2813a5bb9d3013dd888f60737450a1b8f2b9bcdb248cea46cd3eac50e5beb53","0d4fe99b11594df9f850.html","fe7aae67b10f4070836ce9618650e790","candidate-detail-unread","unknown","官方藏品记录resId，未视为实物馆藏编号"
"康有为行草书五字横幅","深圳博物馆","shenzhen-city","","https://shenzhenmuseum.com/webCollection/collectionDetail?lmType=L0303&resId=b6088507056c4812a71823abb4b09d7b","https://shenzhenmuseum.com/webCollection/list1?lmType=L0303&pageNo=1&pageSize=160&platform=0&isAll=1","2026-10-04T07:17:08.282Z","a2813a5bb9d3013dd888f60737450a1b8f2b9bcdb248cea46cd3eac50e5beb53","0d4fe99b11594df9f850.html","b6088507056c4812a71823abb4b09d7b","candidate-detail-unread","unknown","官方藏品记录resId，未视为实物馆藏编号"
"佚名墨笔山水图轴","深圳博物馆","shenzhen-city","","https://shenzhenmuseum.com/webCollection/collectionDetail?lmType=L0303&resId=517b8fe75aad49c6b3ed55ef95a8cc30","https://shenzhenmuseum.com/webCollection/list1?lmType=L0303&pageNo=1&pageSize=160&platform=0&isAll=1","2026-10-04T07:17:08.282Z","a2813a5bb9d3013dd888f60737450a1b8f2b9bcdb248cea46cd3eac50e5beb53","0d4fe99b11594df9f850.html","517b8fe75aad49c6b3ed55ef95a8cc30","candidate-detail-unread","unknown","官方藏品记录resId，未视为实物馆藏编号"
"佚名设色云岭飞泉图轴","深圳博物馆","shenzhen-city","","https://shenzhenmuseum.com/webCollection/collectionDetail?lmType=L0303&resId=e22ce9a0d40d4a0b9e0741d4088f73a5","https://shenzhenmuseum.com/webCollection/list1?lmType=L0303&pageNo=1&pageSize=160&platform=0&isAll=1","2026-10-04T07:17:08.282Z","a2813a5bb9d3013dd888f60737450a1b8f2b9bcdb248cea46cd3eac50e5beb53","0d4fe99b11594df9f850.html","e22ce9a0d40d4a0b9e0741d4088f73a5","candidate-detail-unread","unknown","官方藏品记录resId，未视为实物馆藏编号"
"曹涧、朱繍等三人合绘设色秋色霜柑图扇页","深圳博物馆","shenzhen-city","","https://shenzhenmuseum.com/webCollection/collectionDetail?lmType=L0303&resId=7aee965133364d35873cee6213c49a53","https://shenzhenmuseum.com/webCollection/list1?lmType=L0303&pageNo=1&pageSize=160&platform=0&isAll=1","2026-10-04T07:17:08.282Z","a2813a5bb9d3013dd888f60737450a1b8f2b9bcdb248cea46cd3eac50e5beb53","0d4fe99b11594df9f850.html","7aee965133364d35873cee6213c49a53","candidate-detail-unread","unknown","官方藏品记录resId，未视为实物馆藏编号"
"胤禧行书七言联轴","深圳博物馆","shenzhen-city","","https://shenzhenmuseum.com/webCollection/collectionDetail?lmType=L0303&resId=8581fd9204914492a23366a58d2f9d0f","https://shenzhenmuseum.com/webCollection/list1?lmType=L0303&pageNo=1&pageSize=160&platform=0&isAll=1","2026-10-04T07:17:08.282Z","a2813a5bb9d3013dd888f60737450a1b8f2b9bcdb248cea46cd3eac50e5beb53","0d4fe99b11594df9f850.html","8581fd9204914492a23366a58d2f9d0f","candidate-detail-unread","unknown","官方藏品记录resId，未视为实物馆藏编号"
"翁同龢楷书“励廉隅”横幅","深圳博物馆","shenzhen-city","","https://shenzhenmuseum.com/webCollection/collectionDetail?lmType=L0303&resId=712875e4c9dc4cc3bd9ab1f34bb3fb09","https://shenzhenmuseum.com/webCollection/list1?lmType=L0303&pageNo=1&pageSize=160&platform=0&isAll=1","2026-10-04T07:17:08.282Z","a2813a5bb9d3013dd888f60737450a1b8f2b9bcdb248cea46cd3eac50e5beb53","0d4fe99b11594df9f850.html","712875e4c9dc4cc3bd9ab1f34bb3fb09","candidate-detail-unread","unknown","官方藏品记录resId，未视为实物馆藏编号"
"黄节行书陆游诗《追感往事》轴","深圳博物馆","shenzhen-city","","https://shenzhenmuseum.com/webCollection/collectionDetail?lmType=L0303&resId=ae0bdc0783ef4de89a58aa6bdd0d737c","https://shenzhenmuseum.com/webCollection/list1?lmType=L0303&pageNo=1&pageSize=160&platform=0&isAll=1","2026-10-04T07:17:08.282Z","a2813a5bb9d3013dd888f60737450a1b8f2b9bcdb248cea46cd3eac50e5beb53","0d4fe99b11594df9f850.html","ae0bdc0783ef4de89a58aa6bdd0d737c","candidate-detail-unread","unknown","官方藏品记录resId，未视为实物馆藏编号"
"吴大澂篆书七言联","深圳博物馆","shenzhen-city","","https://shenzhenmuseum.com/webCollection/collectionDetail?lmType=L0303&resId=2f99fc1896ba4af0b77c36a6a4131aff","https://shenzhenmuseum.com/webCollection/list1?lmType=L0303&pageNo=1&pageSize=160&platform=0&isAll=1","2026-10-04T07:17:08.282Z","a2813a5bb9d3013dd888f60737450a1b8f2b9bcdb248cea46cd3eac50e5beb53","0d4fe99b11594df9f850.html","2f99fc1896ba4af0b77c36a6a4131aff","candidate-detail-unread","unknown","官方藏品记录resId，未视为实物馆藏编号"
"光鹫草书七律诗轴","深圳博物馆","shenzhen-city","","https://shenzhenmuseum.com/webCollection/collectionDetail?lmType=L0303&resId=63717847a5d449fdbcb5e3ea5596d7ff","https://shenzhenmuseum.com/webCollection/list1?lmType=L0303&pageNo=1&pageSize=160&platform=0&isAll=1","2026-10-04T07:17:08.282Z","a2813a5bb9d3013dd888f60737450a1b8f2b9bcdb248cea46cd3eac50e5beb53","0d4fe99b11594df9f850.html","63717847a5d449fdbcb5e3ea5596d7ff","candidate-detail-unread","unknown","官方藏品记录resId，未视为实物馆藏编号"
"马一浮隶书七言联轴","深圳博物馆","shenzhen-city","","https://shenzhenmuseum.com/webCollection/collectionDetail?lmType=L0303&resId=36f7af466000460aabb6c77087d87969","https://shenzhenmuseum.com/webCollection/list1?lmType=L0303&pageNo=1&pageSize=160&platform=0&isAll=1","2026-10-04T07:17:08.282Z","a2813a5bb9d3013dd888f60737450a1b8f2b9bcdb248cea46cd3eac50e5beb53","0d4fe99b11594df9f850.html","36f7af466000460aabb6c77087d87969","candidate-detail-unread","unknown","官方藏品记录resId，未视为实物馆藏编号"
"陈宝琛楷书七言联","深圳博物馆","shenzhen-city","","https://shenzhenmuseum.com/webCollection/collectionDetail?lmType=L0303&resId=6ca1ed1f98ce47de890dbc8cea7f4ff3","https://shenzhenmuseum.com/webCollection/list1?lmType=L0303&pageNo=1&pageSize=160&platform=0&isAll=1","2026-10-04T07:17:08.282Z","a2813a5bb9d3013dd888f60737450a1b8f2b9bcdb248cea46cd3eac50e5beb53","0d4fe99b11594df9f850.html","6ca1ed1f98ce47de890dbc8cea7f4ff3","candidate-detail-unread","unknown","官方藏品记录resId，未视为实物馆藏编号"
"庄朝生草书七律诗扇轴","深圳博物馆","shenzhen-city","","https://shenzhenmuseum.com/webCollection/collectionDetail?lmType=L0303&resId=01012243ccd24019ab2b1f715e954595","https://shenzhenmuseum.com/webCollection/list1?lmType=L0303&pageNo=1&pageSize=160&platform=0&isAll=1","2026-10-04T07:17:08.282Z","a2813a5bb9d3013dd888f60737450a1b8f2b9bcdb248cea46cd3eac50e5beb53","0d4fe99b11594df9f850.html","01012243ccd24019ab2b1f715e954595","candidate-detail-unread","unknown","官方藏品记录resId，未视为实物馆藏编号"
"蟠螭纹铜镈","深圳博物馆","shenzhen-city","","https://shenzhenmuseum.com/webCollection/collectionDetail?lmType=L0303&resId=7929b7a5fff1400a92511e3540b8d338","https://shenzhenmuseum.com/webCollection/list1?lmType=L0303&pageNo=1&pageSize=160&platform=0&isAll=1","2026-10-04T07:17:08.282Z","a2813a5bb9d3013dd888f60737450a1b8f2b9bcdb248cea46cd3eac50e5beb53","0d4fe99b11594df9f850.html","7929b7a5fff1400a92511e3540b8d338","candidate-detail-unread","unknown","官方藏品记录resId，未视为实物馆藏编号"
"耀州窑黑釉瓜棱腹执壶","深圳博物馆","shenzhen-city","","https://shenzhenmuseum.com/webCollection/collectionDetail?lmType=L0303&resId=7c568bd45d73456b9db4cb16c70d8a45","https://shenzhenmuseum.com/webCollection/list1?lmType=L0303&pageNo=1&pageSize=160&platform=0&isAll=1","2026-10-04T07:17:08.282Z","a2813a5bb9d3013dd888f60737450a1b8f2b9bcdb248cea46cd3eac50e5beb53","0d4fe99b11594df9f850.html","7c568bd45d73456b9db4cb16c70d8a45","candidate-detail-unread","unknown","官方藏品记录resId，未视为实物馆藏编号"
"青花釉里红人物图罐","深圳博物馆","shenzhen-city","","https://shenzhenmuseum.com/webCollection/collectionDetail?lmType=L0303&resId=244279f914c14b3e95601c5c9d7ebf78","https://shenzhenmuseum.com/webCollection/list1?lmType=L0303&pageNo=1&pageSize=160&platform=0&isAll=1","2026-10-04T07:17:08.282Z","a2813a5bb9d3013dd888f60737450a1b8f2b9bcdb248cea46cd3eac50e5beb53","0d4fe99b11594df9f850.html","244279f914c14b3e95601c5c9d7ebf78","candidate-detail-unread","unknown","官方藏品记录resId，未视为实物馆藏编号"
"原始青瓷褐釉水波纹双耳锺","深圳博物馆","shenzhen-city","","https://shenzhenmuseum.com/webCollection/collectionDetail?lmType=L0303&resId=4c671774b0e943b29d095dbffdc43514","https://shenzhenmuseum.com/webCollection/list1?lmType=L0303&pageNo=1&pageSize=160&platform=0&isAll=1","2026-10-04T07:17:08.282Z","a2813a5bb9d3013dd888f60737450a1b8f2b9bcdb248cea46cd3eac50e5beb53","0d4fe99b11594df9f850.html","4c671774b0e943b29d095dbffdc43514","candidate-detail-unread","unknown","官方藏品记录resId，未视为实物馆藏编号"